Watching for file changes with StatReloader
"OPTIONS /api/auth/login/ HTTP/1.1" 200 0
Bad Request: /api/auth/login/
"POST /api/auth/login/ HTTP/1.1" 400 69
Bad Request: /api/auth/login/
"POST /api/auth/login/ HTTP/1.1" 400 69
"POST /api/auth/login/ HTTP/1.1" 200 751
"OPTIONS /api/leave/requests/?page_size=5 HTTP/1.1" 200 0
"GET /api/leave/requests/?page_size=5 HTTP/1.1" 200 52
"OPTIONS /api/leave/requests/ HTTP/1.1" 200 0
"OPTIONS /api/leave/types/ HTTP/1.1" 200 0
"OPTIONS /api/leave/balances/?year=2026 HTTP/1.1" 200 0
"GET /api/leave/requests/ HTTP/1.1" 200 52
"GET /api/leave/types/ HTTP/1.1" 200 52
"GET /api/leave/balances/?year=2026 HTTP/1.1" 200 52
"OPTIONS /api/attendance/?date=2026-05-15 HTTP/1.1" 200 0
"GET /api/attendance/?date=2026-05-15 HTTP/1.1" 200 52
"OPTIONS /api/loans/? HTTP/1.1" 200 0
"GET /api/loans/? HTTP/1.1" 200 52
"OPTIONS /api/auth/logout/ HTTP/1.1" 200 0
"POST /api/auth/logout/ HTTP/1.1" 200 37
"POST /api/auth/login/ HTTP/1.1" 200 751
"GET /api/leave/types/ HTTP/1.1" 200 52
"GET /api/leave/requests/ HTTP/1.1" 200 52
"GET /api/leave/balances/?year=2026 HTTP/1.1" 200 52
"GET /api/attendance/?date=2026-05-15 HTTP/1.1" 200 52
"GET /api/loans/? HTTP/1.1" 200 52
"OPTIONS /api/auth/login/ HTTP/1.1" 200 0
"POST /api/auth/login/ HTTP/1.1" 200 751
"OPTIONS /api/leave/requests/?page_size=5 HTTP/1.1" 200 0
"GET /api/leave/requests/?page_size=5 HTTP/1.1" 200 52
"OPTIONS /api/auth/logout/ HTTP/1.1" 200 0
"POST /api/auth/logout/ HTTP/1.1" 200 37
Watching for file changes with StatReloader
"OPTIONS /api/auth/login/ HTTP/1.1" 200 0
"POST /api/auth/login/ HTTP/1.1" 200 748
"OPTIONS /api/employees/?page_size=1 HTTP/1.1" 200 0
"OPTIONS /api/attendance/?date=2026-05-15&status=PRESENT&page_size=1 HTTP/1.1" 200 0
"OPTIONS /api/leave/requests/?status=PENDING&page_size=1 HTTP/1.1" 200 0
"OPTIONS /api/payroll/runs/?month=5&year=2026 HTTP/1.1" 200 0
"OPTIONS /api/leave/requests/?page_size=5 HTTP/1.1" 200 0
"GET /api/employees/?page_size=1 HTTP/1.1" 200 52
"GET /api/attendance/?date=2026-05-15&status=PRESENT&page_size=1 HTTP/1.1" 200 52
"GET /api/payroll/runs/?month=5&year=2026 HTTP/1.1" 200 52
"GET /api/leave/requests/?status=PENDING&page_size=1 HTTP/1.1" 200 52
"GET /api/leave/requests/?page_size=5 HTTP/1.1" 200 52
"OPTIONS /api/employees/?page=1 HTTP/1.1" 200 0
"OPTIONS /api/departments/?simple=true&page_size=100 HTTP/1.1" 200 0
"GET /api/employees/?page=1 HTTP/1.1" 200 52
"GET /api/departments/?simple=true&page_size=100 HTTP/1.1" 200 52
"OPTIONS /api/reports/payroll-summary/?month=5&year=2026 HTTP/1.1" 200 0
Not Found: /api/reports/payroll-summary/
"GET /api/reports/payroll-summary/?month=5&year=2026 HTTP/1.1" 404 47
"OPTIONS /api/reports/gra/?month=5&year=2026 HTTP/1.1" 200 0
Not Found: /api/reports/gra/
"GET /api/reports/gra/?month=5&year=2026 HTTP/1.1" 404 47
"OPTIONS /api/reports/ssnit/?month=5&year=2026 HTTP/1.1" 200 0
Not Found: /api/reports/ssnit/
"GET /api/reports/ssnit/?month=5&year=2026 HTTP/1.1" 404 47
"OPTIONS /api/reports/headcount/ HTTP/1.1" 200 0
"GET /api/reports/headcount/ HTTP/1.1" 200 79
"OPTIONS /api/loans/? HTTP/1.1" 200 0
"OPTIONS /api/employees/?employment_status=ACTIVE&page_size=200 HTTP/1.1" 200 0
"GET /api/employees/?employment_status=ACTIVE&page_size=200 HTTP/1.1" 200 52
"GET /api/loans/? HTTP/1.1" 200 52
"OPTIONS /api/attendance/?date=2026-05-15 HTTP/1.1" 200 0
"GET /api/attendance/?date=2026-05-15 HTTP/1.1" 200 52
"OPTIONS /api/leave/requests/ HTTP/1.1" 200 0
"OPTIONS /api/leave/balances/?year=2026 HTTP/1.1" 200 0
"OPTIONS /api/leave/types/ HTTP/1.1" 200 0
"GET /api/leave/requests/ HTTP/1.1" 200 52
"GET /api/leave/balances/?year=2026 HTTP/1.1" 200 52
"GET /api/leave/types/ HTTP/1.1" 200 1813
"OPTIONS /api/payroll/runs/ HTTP/1.1" 200 0
"GET /api/payroll/runs/ HTTP/1.1" 200 52
"GET /api/employees/?page_size=1 HTTP/1.1" 200 52
"GET /api/attendance/?date=2026-05-15&status=PRESENT&page_size=1 HTTP/1.1" 200 52
"GET /api/leave/requests/?status=PENDING&page_size=1 HTTP/1.1" 200 52
"GET /api/payroll/runs/?month=5&year=2026 HTTP/1.1" 200 52
"GET /api/leave/requests/?page_size=5 HTTP/1.1" 200 52
Not Found: /api/reports/payroll-summary/
"GET /api/reports/payroll-summary/?month=5&year=2026 HTTP/1.1" 404 47
"GET /api/loans/? HTTP/1.1" 200 52
"GET /api/employees/?employment_status=ACTIVE&page_size=200 HTTP/1.1" 200 52
"GET /api/attendance/?date=2026-05-15 HTTP/1.1" 200 52
"GET /api/leave/requests/ HTTP/1.1" 200 52
"GET /api/leave/types/ HTTP/1.1" 200 1813
"GET /api/leave/balances/?year=2026 HTTP/1.1" 200 52
"GET /api/employees/?page=1 HTTP/1.1" 200 52
"GET /api/departments/?simple=true&page_size=100 HTTP/1.1" 200 52
"GET /api/payroll/runs/ HTTP/1.1" 200 52
"GET /api/loans/? HTTP/1.1" 200 52
"GET /api/employees/?employment_status=ACTIVE&page_size=200 HTTP/1.1" 200 52
"OPTIONS /api/auth/users/ HTTP/1.1" 200 0
"GET /api/auth/users/ HTTP/1.1" 200 309
"OPTIONS /api/leave/types/?page_size=50 HTTP/1.1" 200 0
"GET /api/leave/types/?page_size=50 HTTP/1.1" 200 1813
"OPTIONS /api/salary/allowance-types/?page_size=50 HTTP/1.1" 200 0
"GET /api/salary/allowance-types/?page_size=50 HTTP/1.1" 200 1218
"GET /api/departments/?simple=true&page_size=100 HTTP/1.1" 200 52
"GET /api/employees/?page=1 HTTP/1.1" 200 52
"OPTIONS /api/departments/?page_size=100 HTTP/1.1" 200 0
"OPTIONS /api/departments/positions/?page_size=200 HTTP/1.1" 200 0
"GET /api/departments/?page_size=100 HTTP/1.1" 200 52
"GET /api/departments/positions/?page_size=200 HTTP/1.1" 200 52
"OPTIONS /api/departments/ HTTP/1.1" 200 0
"POST /api/departments/ HTTP/1.1" 201 255
"GET /api/departments/positions/?page_size=200 HTTP/1.1" 200 52
"GET /api/departments/?page_size=100 HTTP/1.1" 200 307
"POST /api/departments/ HTTP/1.1" 201 247
"GET /api/departments/positions/?page_size=200 HTTP/1.1" 200 52
"GET /api/departments/?page_size=100 HTTP/1.1" 200 555
"POST /api/departments/ HTTP/1.1" 201 238
"GET /api/departments/positions/?page_size=200 HTTP/1.1" 200 52
"GET /api/departments/?page_size=100 HTTP/1.1" 200 794
"GET /api/employees/?page=1 HTTP/1.1" 200 52
"GET /api/departments/?simple=true&page_size=100 HTTP/1.1" 200 183
"OPTIONS /api/departments/positions/?department=1&page_size=100 HTTP/1.1" 200 0
"GET /api/departments/positions/?department=1&page_size=100 HTTP/1.1" 200 52
"GET /api/salary/allowance-types/?page_size=50 HTTP/1.1" 200 1218
"GET /api/departments/?page_size=100 HTTP/1.1" 200 794
"GET /api/departments/positions/?page_size=200 HTTP/1.1" 200 52
"GET /api/payroll/runs/ HTTP/1.1" 200 52
"GET /api/auth/users/ HTTP/1.1" 200 309
"OPTIONS /api/departments/positions/ HTTP/1.1" 200 0
"POST /api/departments/positions/ HTTP/1.1" 201 188
"GET /api/departments/positions/?page_size=200 HTTP/1.1" 200 240
"GET /api/departments/?page_size=100 HTTP/1.1" 200 982
"POST /api/departments/positions/ HTTP/1.1" 201 185
"GET /api/departments/positions/?page_size=200 HTTP/1.1" 200 426
"GET /api/departments/?page_size=100 HTTP/1.1" 200 1167
"POST /api/departments/positions/ HTTP/1.1" 201 199
"GET /api/departments/positions/?page_size=200 HTTP/1.1" 200 626
"GET /api/departments/?page_size=100 HTTP/1.1" 200 1366
"GET /api/employees/?page=1 HTTP/1.1" 200 52
"GET /api/departments/?simple=true&page_size=100 HTTP/1.1" 200 183
"GET /api/departments/positions/?department=1&page_size=100 HTTP/1.1" 200 251
"OPTIONS /api/employees/ HTTP/1.1" 200 0
Bad Request: /api/employees/
"POST /api/employees/ HTTP/1.1" 400 92
"POST /api/employees/ HTTP/1.1" 201 877
"GET /api/departments/?page_size=100 HTTP/1.1" 200 1366
"GET /api/departments/positions/?department=1&page_size=100 HTTP/1.1" 200 251
"GET /api/employees/?page=1 HTTP/1.1" 200 349
"GET /api/employees/?page_size=1 HTTP/1.1" 200 349
"GET /api/leave/requests/?status=PENDING&page_size=1 HTTP/1.1" 200 52
"GET /api/attendance/?date=2026-05-15&status=PRESENT&page_size=1 HTTP/1.1" 200 52
"GET /api/payroll/runs/?month=5&year=2026 HTTP/1.1" 200 52
"GET /api/leave/requests/?page_size=5 HTTP/1.1" 200 52
"OPTIONS /api/auth/logout/ HTTP/1.1" 200 0
"POST /api/auth/logout/ HTTP/1.1" 200 37
"POST /api/auth/login/ HTTP/1.1" 200 748
"GET /api/auth/users/ HTTP/1.1" 200 309
"GET /api/leave/types/?page_size=50 HTTP/1.1" 200 1813
"GET /api/salary/allowance-types/?page_size=50 HTTP/1.1" 200 1218
"GET /api/departments/positions/?page_size=200 HTTP/1.1" 200 626
"GET /api/departments/?page_size=100 HTTP/1.1" 200 1366
"GET /api/payroll/runs/ HTTP/1.1" 200 52
"GET /api/leave/requests/ HTTP/1.1" 200 52
"GET /api/leave/balances/?year=2026 HTTP/1.1" 200 52
C:\Users\benic\Documents\NetBeansProjects\HTML\hrpro\backend\apps\salary\models.py changed, reloading.
Watching for file changes with StatReloader
C:\Users\benic\Documents\NetBeansProjects\HTML\hrpro\backend\apps\salary\serializers.py changed, reloading.
Watching for file changes with StatReloader
C:\Users\benic\Documents\NetBeansProjects\HTML\hrpro\backend\apps\salary\serializers.py changed, reloading.
Watching for file changes with StatReloader
C:\Users\benic\Documents\NetBeansProjects\HTML\hrpro\backend\apps\salary\views.py changed, reloading.
Watching for file changes with StatReloader
C:\Users\benic\Documents\NetBeansProjects\HTML\hrpro\backend\apps\salary\views.py changed, reloading.
Watching for file changes with StatReloader
C:\Users\benic\Documents\NetBeansProjects\HTML\hrpro\backend\apps\salary\urls.py changed, reloading.
Watching for file changes with StatReloader
C:\Users\benic\Documents\NetBeansProjects\HTML\hrpro\backend\apps\payroll\utils.py changed, reloading.
Watching for file changes with StatReloader
"GET /api/leave/balances/?year=2026 HTTP/1.1" 200 52
"GET /api/leave/requests/ HTTP/1.1" 200 52
"GET /api/leave/types/ HTTP/1.1" 200 1813
Watching for file changes with StatReloader
"GET /api/leave/requests/ HTTP/1.1" 200 52
"GET /api/leave/balances/?year=2026 HTTP/1.1" 200 52
"GET /api/leave/types/ HTTP/1.1" 200 1813
"GET /api/employees/?page_size=1 HTTP/1.1" 200 349
"GET /api/attendance/?date=2026-05-15&status=PRESENT&page_size=1 HTTP/1.1" 200 52
"GET /api/leave/requests/?status=PENDING&page_size=1 HTTP/1.1" 200 52
"GET /api/payroll/runs/?month=5&year=2026 HTTP/1.1" 200 52
"GET /api/leave/requests/?page_size=5 HTTP/1.1" 200 52
"GET /api/employees/?page=1 HTTP/1.1" 200 349
"GET /api/departments/?simple=true&page_size=100 HTTP/1.1" 200 183
Not Found: /api/reports/payroll-summary/
"GET /api/reports/payroll-summary/?month=5&year=2026 HTTP/1.1" 404 47
"GET /api/attendance/?date=2026-05-15 HTTP/1.1" 200 52
"GET /api/employees/?employment_status=ACTIVE&page_size=200 HTTP/1.1" 200 349
"GET /api/payroll/runs/ HTTP/1.1" 200 52
"GET /api/departments/?page_size=100 HTTP/1.1" 200 1366
"GET /api/departments/positions/?page_size=200 HTTP/1.1" 200 626
Watching for file changes with StatReloader
"OPTIONS /api/auth/login/ HTTP/1.1" 200 0
"POST /api/auth/login/ HTTP/1.1" 200 748
"OPTIONS /api/employees/?page_size=1 HTTP/1.1" 200 0
"OPTIONS /api/attendance/?date=2026-05-16&status=PRESENT&page_size=1 HTTP/1.1" 200 0
"OPTIONS /api/leave/requests/?status=PENDING&page_size=1 HTTP/1.1" 200 0
"OPTIONS /api/leave/requests/?page_size=5 HTTP/1.1" 200 0
"OPTIONS /api/payroll/runs/?month=5&year=2026 HTTP/1.1" 200 0
"GET /api/leave/requests/?page_size=5 HTTP/1.1" 200 52
"GET /api/payroll/runs/?month=5&year=2026 HTTP/1.1" 200 52
"GET /api/leave/requests/?status=PENDING&page_size=1 HTTP/1.1" 200 52
"GET /api/employees/?page_size=1 HTTP/1.1" 200 349
"GET /api/attendance/?date=2026-05-16&status=PRESENT&page_size=1 HTTP/1.1" 200 52
"OPTIONS /api/employees/?page=1 HTTP/1.1" 200 0
"OPTIONS /api/departments/?simple=true&page_size=100 HTTP/1.1" 200 0
"GET /api/departments/?simple=true&page_size=100 HTTP/1.1" 200 183
"GET /api/employees/?page=1 HTTP/1.1" 200 349
"OPTIONS /api/departments/?page_size=100 HTTP/1.1" 200 0
"OPTIONS /api/departments/positions/?page_size=200 HTTP/1.1" 200 0
"GET /api/departments/positions/?page_size=200 HTTP/1.1" 200 626
"GET /api/departments/?page_size=100 HTTP/1.1" 200 1366
"OPTIONS /api/payroll/runs/ HTTP/1.1" 200 0
"GET /api/payroll/runs/ HTTP/1.1" 200 52
"POST /api/payroll/runs/ HTTP/1.1" 201 331
"OPTIONS /api/payroll/runs/1/ HTTP/1.1" 200 0
"GET /api/payroll/runs/ HTTP/1.1" 200 383
"GET /api/payroll/runs/1/ HTTP/1.1" 200 345
"OPTIONS /api/payroll/runs/1/process/ HTTP/1.1" 200 0
"POST /api/payroll/runs/1/process/ HTTP/1.1" 200 161
"GET /api/payroll/runs/1/ HTTP/1.1" 200 374
"OPTIONS /api/leave/requests/ HTTP/1.1" 200 0
"OPTIONS /api/leave/types/ HTTP/1.1" 200 0
"OPTIONS /api/leave/balances/?year=2026 HTTP/1.1" 200 0
"GET /api/leave/balances/?year=2026 HTTP/1.1" 200 52
"GET /api/leave/types/ HTTP/1.1" 200 1813
"GET /api/leave/requests/ HTTP/1.1" 200 52
"OPTIONS /api/attendance/?date=2026-05-16 HTTP/1.1" 200 0
"OPTIONS /api/employees/?employment_status=ACTIVE&page_size=200 HTTP/1.1" 200 0
"GET /api/attendance/?date=2026-05-16 HTTP/1.1" 200 52
"GET /api/employees/?employment_status=ACTIVE&page_size=200 HTTP/1.1" 200 349
"OPTIONS /api/attendance/ HTTP/1.1" 200 0
"POST /api/attendance/ HTTP/1.1" 201 262
"GET /api/attendance/?date=2026-05-16 HTTP/1.1" 200 314
"GET /api/employees/?employment_status=ACTIVE&page_size=200 HTTP/1.1" 200 349
"OPTIONS /api/loans/? HTTP/1.1" 200 0
"GET /api/loans/? HTTP/1.1" 200 52
"OPTIONS /api/reports/payroll-summary/?month=5&year=2026 HTTP/1.1" 200 0
Not Found: /api/reports/payroll-summary/
"GET /api/reports/payroll-summary/?month=5&year=2026 HTTP/1.1" 404 47
"OPTIONS /api/reports/gra/?month=5&year=2026 HTTP/1.1" 200 0
Not Found: /api/reports/gra/
"GET /api/reports/gra/?month=5&year=2026 HTTP/1.1" 404 47
"OPTIONS /api/reports/ssnit/?month=5&year=2026 HTTP/1.1" 200 0
Not Found: /api/reports/ssnit/
"GET /api/reports/ssnit/?month=5&year=2026 HTTP/1.1" 404 47
"OPTIONS /api/reports/headcount/ HTTP/1.1" 200 0
"GET /api/reports/headcount/ HTTP/1.1" 200 240
Not Found: /api/reports/gra/
"GET /api/reports/gra/?month=5&year=2026 HTTP/1.1" 404 47
"OPTIONS /api/reports/gra/?month=4&year=2026 HTTP/1.1" 200 0
"GET /api/reports/gra/?month=4&year=2026 HTTP/1.1" 200 131
"OPTIONS /api/reports/payroll-summary/?month=4&year=2026 HTTP/1.1" 200 0
"GET /api/reports/payroll-summary/?month=4&year=2026 HTTP/1.1" 200 242
"OPTIONS /api/auth/users/ HTTP/1.1" 200 0
"GET /api/auth/users/ HTTP/1.1" 200 309
"OPTIONS /api/leave/types/?page_size=50 HTTP/1.1" 200 0
"GET /api/leave/types/?page_size=50 HTTP/1.1" 200 1813
"OPTIONS /api/salary/allowance-types/?page_size=50 HTTP/1.1" 200 0
"GET /api/salary/allowance-types/?page_size=50 HTTP/1.1" 200 1218
"GET /api/payroll/runs/ HTTP/1.1" 200 412
"GET /api/payroll/runs/1/ HTTP/1.1" 200 374
Not Found: /api/reports/payroll-summary/
"GET /api/reports/payroll-summary/?month=5&year=2026 HTTP/1.1" 404 47
"GET /api/leave/requests/ HTTP/1.1" 200 52
"GET /api/leave/balances/?year=2026 HTTP/1.1" 200 52
"GET /api/attendance/?date=2026-05-16&status=PRESENT&page_size=1 HTTP/1.1" 200 314
"GET /api/employees/?page_size=1 HTTP/1.1" 200 349
"GET /api/leave/requests/?status=PENDING&page_size=1 HTTP/1.1" 200 52
"GET /api/payroll/runs/?month=5&year=2026 HTTP/1.1" 200 52
"GET /api/leave/requests/?page_size=5 HTTP/1.1" 200 52
Not Found: /api/reports/payroll-summary/
"GET /api/reports/payroll-summary/?month=5&year=2026 HTTP/1.1" 404 47
Not Found: /api/reports/gra/
"GET /api/reports/gra/?month=5&year=2026 HTTP/1.1" 404 47
"OPTIONS /api/reports/ssnit/?month=4&year=2026 HTTP/1.1" 200 0
"GET /api/reports/ssnit/?month=4&year=2026 HTTP/1.1" 200 198
"GET /api/employees/?page=1 HTTP/1.1" 200 349
"GET /api/departments/?simple=true&page_size=100 HTTP/1.1" 200 183
"OPTIONS /api/employees/1/ HTTP/1.1" 200 0
"GET /api/employees/1/ HTTP/1.1" 200 877
"OPTIONS /api/departments/positions/?department=1&page_size=100 HTTP/1.1" 200 0
"GET /api/departments/positions/?department=1&page_size=100 HTTP/1.1" 200 251
Watching for file changes with StatReloader
"OPTIONS /api/employees/?page_size=1 HTTP/1.1" 200 0
"OPTIONS /api/leave/requests/?status=PENDING&page_size=1 HTTP/1.1" 200 0
"OPTIONS /api/attendance/?date=2026-05-21&status=PRESENT&page_size=1 HTTP/1.1" 200 0
"OPTIONS /api/payroll/runs/?month=5&year=2026 HTTP/1.1" 200 0
"OPTIONS /api/leave/requests/?page_size=5 HTTP/1.1" 200 0
Unauthorized: /api/leave/requests/
Unauthorized: /api/employees/
Unauthorized: /api/attendance/
Unauthorized: /api/payroll/runs/
Unauthorized: /api/leave/requests/
"GET /api/leave/requests/?status=PENDING&page_size=1 HTTP/1.1" 401 183
"GET /api/employees/?page_size=1 HTTP/1.1" 401 183
"GET /api/payroll/runs/?month=5&year=2026 HTTP/1.1" 401 183
"GET /api/attendance/?date=2026-05-21&status=PRESENT&page_size=1 HTTP/1.1" 401 183
"GET /api/leave/requests/?page_size=5 HTTP/1.1" 401 183
"OPTIONS /api/auth/token/refresh/ HTTP/1.1" 200 0
"OPTIONS /api/auth/token/refresh/ HTTP/1.1" 200 0
"OPTIONS /api/auth/token/refresh/ HTTP/1.1" 200 0
"OPTIONS /api/auth/token/refresh/ HTTP/1.1" 200 0
"OPTIONS /api/auth/token/refresh/ HTTP/1.1" 200 0
"POST /api/auth/token/refresh/ HTTP/1.1" 200 483
"POST /api/auth/token/refresh/ HTTP/1.1" 200 483
"POST /api/auth/token/refresh/ HTTP/1.1" 200 483
"POST /api/auth/token/refresh/ HTTP/1.1" 200 483
"POST /api/auth/token/refresh/ HTTP/1.1" 200 483
"GET /api/leave/requests/?page_size=5 HTTP/1.1" 200 52
"GET /api/payroll/runs/?month=5&year=2026 HTTP/1.1" 200 52
"GET /api/leave/requests/?status=PENDING&page_size=1 HTTP/1.1" 200 52
"GET /api/employees/?page_size=1 HTTP/1.1" 200 349
"GET /api/attendance/?date=2026-05-21&status=PRESENT&page_size=1 HTTP/1.1" 200 52
"OPTIONS /api/employees/?page=1 HTTP/1.1" 200 0
"OPTIONS /api/departments/?simple=true&page_size=100 HTTP/1.1" 200 0
"GET /api/departments/?simple=true&page_size=100 HTTP/1.1" 200 183
"GET /api/employees/?page=1 HTTP/1.1" 200 349
"OPTIONS /api/departments/?page_size=100 HTTP/1.1" 200 0
"OPTIONS /api/departments/positions/?page_size=200 HTTP/1.1" 200 0
"GET /api/departments/positions/?page_size=200 HTTP/1.1" 200 626
"GET /api/departments/?page_size=100 HTTP/1.1" 200 1366
"OPTIONS /api/payroll/runs/ HTTP/1.1" 200 0
"GET /api/payroll/runs/ HTTP/1.1" 200 412
Bad Request: /api/payroll/runs/
"POST /api/payroll/runs/ HTTP/1.1" 400 71
"OPTIONS /api/leave/requests/ HTTP/1.1" 200 0
"OPTIONS /api/leave/types/ HTTP/1.1" 200 0
"OPTIONS /api/leave/balances/?year=2026 HTTP/1.1" 200 0
"GET /api/leave/requests/ HTTP/1.1" 200 52
"GET /api/leave/types/ HTTP/1.1" 200 1813
"GET /api/leave/balances/?year=2026 HTTP/1.1" 200 52
"OPTIONS /api/attendance/?date=2026-05-21 HTTP/1.1" 200 0
"OPTIONS /api/employees/?employment_status=ACTIVE&page_size=200 HTTP/1.1" 200 0
"GET /api/attendance/?date=2026-05-21 HTTP/1.1" 200 52
"GET /api/employees/?employment_status=ACTIVE&page_size=200 HTTP/1.1" 200 349
"OPTIONS /api/loans/? HTTP/1.1" 200 0
"GET /api/loans/? HTTP/1.1" 200 52
"OPTIONS /api/auth/users/ HTTP/1.1" 200 0
"GET /api/auth/users/ HTTP/1.1" 200 309
"OPTIONS /api/salary/allowance-types/?page_size=50 HTTP/1.1" 200 0
"GET /api/salary/allowance-types/?page_size=50 HTTP/1.1" 200 1218
"OPTIONS /api/leave/types/?page_size=50 HTTP/1.1" 200 0
"GET /api/leave/types/?page_size=50 HTTP/1.1" 200 1813
Bad Request: /api/auth/login/
"POST /api/auth/login/ HTTP/1.1" 400 37
- Broken pipe from ('127.0.0.1', 53270)
Bad Request: /api/auth/login/
"POST /api/auth/login/ HTTP/1.1" 400 37
- Broken pipe from ('127.0.0.1', 64149)
Not Found: /api/auth/me/
"GET /api/auth/me/ HTTP/1.1" 404 4587
- Broken pipe from ('127.0.0.1', 58818)
Watching for file changes with StatReloader
Watching for file changes with StatReloader
"OPTIONS /api/auth/login/ HTTP/1.1" 200 0
"POST /api/auth/login/ HTTP/1.1" 200 748
"OPTIONS /api/employees/?page_size=1 HTTP/1.1" 200 0
"OPTIONS /api/attendance/?date=2026-06-03&status=PRESENT&page_size=1 HTTP/1.1" 200 0
"OPTIONS /api/leave/requests/?status=PENDING&page_size=1 HTTP/1.1" 200 0
"OPTIONS /api/payroll/runs/?month=6&year=2026 HTTP/1.1" 200 0
"OPTIONS /api/leave/requests/?page_size=5 HTTP/1.1" 200 0
"GET /api/employees/?page_size=1 HTTP/1.1" 200 349
"GET /api/attendance/?date=2026-06-03&status=PRESENT&page_size=1 HTTP/1.1" 200 52
"GET /api/leave/requests/?status=PENDING&page_size=1 HTTP/1.1" 200 52
"GET /api/leave/requests/?page_size=5 HTTP/1.1" 200 52
"GET /api/payroll/runs/?month=6&year=2026 HTTP/1.1" 200 52
"OPTIONS /api/departments/?page_size=100 HTTP/1.1" 200 0
"OPTIONS /api/departments/positions/?page_size=200 HTTP/1.1" 200 0
"GET /api/departments/positions/?page_size=200 HTTP/1.1" 200 626
"GET /api/departments/?page_size=100 HTTP/1.1" 200 1366
"GET /api/departments/positions/?page_size=200 HTTP/1.1" 200 626
"GET /api/departments/?page_size=100 HTTP/1.1" 200 1366
"OPTIONS /api/payroll/runs/ HTTP/1.1" 200 0
"GET /api/payroll/runs/ HTTP/1.1" 200 412
"OPTIONS /api/payroll/runs/1/ HTTP/1.1" 200 0
"GET /api/payroll/runs/1/ HTTP/1.1" 200 374
"OPTIONS /api/leave/requests/ HTTP/1.1" 200 0
"OPTIONS /api/leave/types/ HTTP/1.1" 200 0
"OPTIONS /api/leave/balances/?year=2026 HTTP/1.1" 200 0
"GET /api/leave/balances/?year=2026 HTTP/1.1" 200 52
"GET /api/leave/requests/ HTTP/1.1" 200 52
"GET /api/leave/types/ HTTP/1.1" 200 1813
"OPTIONS /api/leave/types/ HTTP/1.1" 200 0
"OPTIONS /api/leave/requests/ HTTP/1.1" 200 0
"OPTIONS /api/leave/balances/?year=2026 HTTP/1.1" 200 0
"GET /api/leave/balances/?year=2026 HTTP/1.1" 200 52
"GET /api/leave/types/ HTTP/1.1" 200 1813
"GET /api/leave/requests/ HTTP/1.1" 200 52
"OPTIONS /api/leave/types/?page_size=50 HTTP/1.1" 200 0
"GET /api/leave/types/?page_size=50 HTTP/1.1" 200 1813
"GET /api/leave/types/ HTTP/1.1" 200 1813
"GET /api/leave/requests/ HTTP/1.1" 200 52
"GET /api/leave/balances/?year=2026 HTTP/1.1" 200 52
"OPTIONS /api/employees/?page=1 HTTP/1.1" 200 0
"OPTIONS /api/departments/?simple=true&page_size=100 HTTP/1.1" 200 0
"GET /api/departments/?simple=true&page_size=100 HTTP/1.1" 200 183
"GET /api/employees/?page=1 HTTP/1.1" 200 349
"OPTIONS /api/departments/?page_size=100 HTTP/1.1" 200 0
"OPTIONS /api/departments/positions/?page_size=200 HTTP/1.1" 200 0
"GET /api/departments/positions/?page_size=200 HTTP/1.1" 200 626
"GET /api/departments/?page_size=100 HTTP/1.1" 200 1366
Bad Request: /api/leave/requests/
"POST /api/leave/requests/ HTTP/1.1" 400 40
Bad Request: /api/leave/requests/
"POST /api/leave/requests/ HTTP/1.1" 400 40
Bad Request: /api/leave/requests/
"POST /api/leave/requests/ HTTP/1.1" 400 40
"GET /api/leave/requests/ HTTP/1.1" 200 52
"GET /api/leave/types/ HTTP/1.1" 200 1813
"GET /api/leave/balances/?year=2026 HTTP/1.1" 200 52
"OPTIONS /api/loans/? HTTP/1.1" 200 0
"OPTIONS /api/employees/?employment_status=ACTIVE&page_size=200 HTTP/1.1" 200 0
"GET /api/loans/? HTTP/1.1" 200 52
"GET /api/employees/?employment_status=ACTIVE&page_size=200 HTTP/1.1" 200 349
"OPTIONS /api/attendance/?date=2026-06-03 HTTP/1.1" 200 0
"GET /api/attendance/?date=2026-06-03 HTTP/1.1" 200 52
C:\Users\benic\Documents\NetBeansProjects\HTML\hrpro\backend\apps\leave\views.py changed, reloading.
Watching for file changes with StatReloader
C:\Users\benic\Documents\NetBeansProjects\HTML\hrpro\backend\apps\leave\views.py changed, reloading.
Watching for file changes with StatReloader
C:\Users\benic\Documents\NetBeansProjects\HTML\hrpro\backend\apps\leave\serializers.py changed, reloading.
Watching for file changes with StatReloader
Internal Server Error: /api/leave/requests/
Traceback (most recent call last):
  File "C:\Users\benic\Documents\NetBeansProjects\HTML\hrpro\backend\venv\Lib\site-packages\django\db\backends\utils.py", line 89, in _execute
    return self.cursor.execute(sql, params)
           ^^^^^^^^^^^^^^^^^^^^^^^^^^^^^^^^
psycopg2.errors.NotNullViolation: null value in column "employee_id" of relation "leave_leaverequest" violates not-null constraint
DETAIL:  Failing row contains (1, 2026-06-17, 2026-06-22, 4.0, To visit my family, PENDING, , 2026-06-03 18:56:26.540908+00, 2026-06-03 18:56:26.540908+00, null, null, 1).


The above exception was the direct cause of the following exception:

Traceback (most recent call last):
  File "C:\Users\benic\Documents\NetBeansProjects\HTML\hrpro\backend\venv\Lib\site-packages\django\core\handlers\exception.py", line 55, in inner
    response = get_response(request)
               ^^^^^^^^^^^^^^^^^^^^^
  File "C:\Users\benic\Documents\NetBeansProjects\HTML\hrpro\backend\venv\Lib\site-packages\django\core\handlers\base.py", line 197, in _get_response
    response = wrapped_callback(request, *callback_args, **callback_kwargs)
               ^^^^^^^^^^^^^^^^^^^^^^^^^^^^^^^^^^^^^^^^^^^^^^^^^^^^^^^^^^^^
  File "C:\Users\benic\Documents\NetBeansProjects\HTML\hrpro\backend\venv\Lib\site-packages\django\views\decorators\csrf.py", line 56, in wrapper_view
    return view_func(*args, **kwargs)
           ^^^^^^^^^^^^^^^^^^^^^^^^^^
  File "C:\Users\benic\Documents\NetBeansProjects\HTML\hrpro\backend\venv\Lib\site-packages\django\views\generic\base.py", line 104, in view
    return self.dispatch(request, *args, **kwargs)
           ^^^^^^^^^^^^^^^^^^^^^^^^^^^^^^^^^^^^^^^
  File "C:\Users\benic\Documents\NetBeansProjects\HTML\hrpro\backend\venv\Lib\site-packages\rest_framework\views.py", line 509, in dispatch
    response = self.handle_exception(exc)
               ^^^^^^^^^^^^^^^^^^^^^^^^^^
  File "C:\Users\benic\Documents\NetBeansProjects\HTML\hrpro\backend\venv\Lib\site-packages\rest_framework\views.py", line 469, in handle_exception
    self.raise_uncaught_exception(exc)
  File "C:\Users\benic\Documents\NetBeansProjects\HTML\hrpro\backend\venv\Lib\site-packages\rest_framework\views.py", line 480, in raise_uncaught_exception
    raise exc
  File "C:\Users\benic\Documents\NetBeansProjects\HTML\hrpro\backend\venv\Lib\site-packages\rest_framework\views.py", line 506, in dispatch
    response = handler(request, *args, **kwargs)
               ^^^^^^^^^^^^^^^^^^^^^^^^^^^^^^^^^
  File "C:\Users\benic\Documents\NetBeansProjects\HTML\hrpro\backend\venv\Lib\site-packages\rest_framework\generics.py", line 246, in post
    return self.create(request, *args, **kwargs)
           ^^^^^^^^^^^^^^^^^^^^^^^^^^^^^^^^^^^^^
  File "C:\Users\benic\Documents\NetBeansProjects\HTML\hrpro\backend\venv\Lib\site-packages\rest_framework\mixins.py", line 19, in create
    self.perform_create(serializer)
  File "C:\Users\benic\Documents\NetBeansProjects\HTML\hrpro\backend\apps\leave\views.py", line 85, in perform_create
    serializer.save()
  File "C:\Users\benic\Documents\NetBeansProjects\HTML\hrpro\backend\venv\Lib\site-packages\rest_framework\serializers.py", line 208, in save
    self.instance = self.create(validated_data)
                    ^^^^^^^^^^^^^^^^^^^^^^^^^^^
  File "C:\Users\benic\Documents\NetBeansProjects\HTML\hrpro\backend\venv\Lib\site-packages\rest_framework\serializers.py", line 989, in create
    instance = ModelClass._default_manager.create(**validated_data)
               ^^^^^^^^^^^^^^^^^^^^^^^^^^^^^^^^^^^^^^^^^^^^^^^^^^^^
  File "C:\Users\benic\Documents\NetBeansProjects\HTML\hrpro\backend\venv\Lib\site-packages\django\db\models\manager.py", line 87, in manager_method
    return getattr(self.get_queryset(), name)(*args, **kwargs)
           ^^^^^^^^^^^^^^^^^^^^^^^^^^^^^^^^^^^^^^^^^^^^^^^^^^^
  File "C:\Users\benic\Documents\NetBeansProjects\HTML\hrpro\backend\venv\Lib\site-packages\django\db\models\query.py", line 658, in create
    obj.save(force_insert=True, using=self.db)
  File "C:\Users\benic\Documents\NetBeansProjects\HTML\hrpro\backend\venv\Lib\site-packages\django\db\models\base.py", line 814, in save
    self.save_base(
  File "C:\Users\benic\Documents\NetBeansProjects\HTML\hrpro\backend\venv\Lib\site-packages\django\db\models\base.py", line 877, in save_base
    updated = self._save_table(
              ^^^^^^^^^^^^^^^^^
  File "C:\Users\benic\Documents\NetBeansProjects\HTML\hrpro\backend\venv\Lib\site-packages\django\db\models\base.py", line 1020, in _save_table
    results = self._do_insert(
              ^^^^^^^^^^^^^^^^
  File "C:\Users\benic\Documents\NetBeansProjects\HTML\hrpro\backend\venv\Lib\site-packages\django\db\models\base.py", line 1061, in _do_insert
    return manager._insert(
           ^^^^^^^^^^^^^^^^
  File "C:\Users\benic\Documents\NetBeansProjects\HTML\hrpro\backend\venv\Lib\site-packages\django\db\models\manager.py", line 87, in manager_method
    return getattr(self.get_queryset(), name)(*args, **kwargs)
           ^^^^^^^^^^^^^^^^^^^^^^^^^^^^^^^^^^^^^^^^^^^^^^^^^^^
  File "C:\Users\benic\Documents\NetBeansProjects\HTML\hrpro\backend\venv\Lib\site-packages\django\db\models\query.py", line 1805, in _insert
    return query.get_compiler(using=using).execute_sql(returning_fields)
           ^^^^^^^^^^^^^^^^^^^^^^^^^^^^^^^^^^^^^^^^^^^^^^^^^^^^^^^^^^^^^
  File "C:\Users\benic\Documents\NetBeansProjects\HTML\hrpro\backend\venv\Lib\site-packages\django\db\models\sql\compiler.py", line 1822, in execute_sql
    cursor.execute(sql, params)
  File "C:\Users\benic\Documents\NetBeansProjects\HTML\hrpro\backend\venv\Lib\site-packages\django\db\backends\utils.py", line 102, in execute
    return super().execute(sql, params)
           ^^^^^^^^^^^^^^^^^^^^^^^^^^^^
  File "C:\Users\benic\Documents\NetBeansProjects\HTML\hrpro\backend\venv\Lib\site-packages\django\db\backends\utils.py", line 67, in execute
    return self._execute_with_wrappers(
           ^^^^^^^^^^^^^^^^^^^^^^^^^^^^
  File "C:\Users\benic\Documents\NetBeansProjects\HTML\hrpro\backend\venv\Lib\site-packages\django\db\backends\utils.py", line 80, in _execute_with_wrappers
    return executor(sql, params, many, context)
           ^^^^^^^^^^^^^^^^^^^^^^^^^^^^^^^^^^^^
  File "C:\Users\benic\Documents\NetBeansProjects\HTML\hrpro\backend\venv\Lib\site-packages\django\db\backends\utils.py", line 84, in _execute
    with self.db.wrap_database_errors:
  File "C:\Users\benic\Documents\NetBeansProjects\HTML\hrpro\backend\venv\Lib\site-packages\django\db\utils.py", line 91, in __exit__
    raise dj_exc_value.with_traceback(traceback) from exc_value
  File "C:\Users\benic\Documents\NetBeansProjects\HTML\hrpro\backend\venv\Lib\site-packages\django\db\backends\utils.py", line 89, in _execute
    return self.cursor.execute(sql, params)
           ^^^^^^^^^^^^^^^^^^^^^^^^^^^^^^^^
django.db.utils.IntegrityError: null value in column "employee_id" of relation "leave_leaverequest" violates not-null constraint
DETAIL:  Failing row contains (1, 2026-06-17, 2026-06-22, 4.0, To visit my family, PENDING, , 2026-06-03 18:56:26.540908+00, 2026-06-03 18:56:26.540908+00, null, null, 1).

"POST /api/leave/requests/ HTTP/1.1" 500 214970
Internal Server Error: /api/leave/requests/
Traceback (most recent call last):
  File "C:\Users\benic\Documents\NetBeansProjects\HTML\hrpro\backend\venv\Lib\site-packages\django\db\backends\utils.py", line 89, in _execute
    return self.cursor.execute(sql, params)
           ^^^^^^^^^^^^^^^^^^^^^^^^^^^^^^^^
psycopg2.errors.NotNullViolation: null value in column "employee_id" of relation "leave_leaverequest" violates not-null constraint
DETAIL:  Failing row contains (2, 2026-06-17, 2026-06-22, 4.0, To visit my family, PENDING, , 2026-06-03 18:56:44.543283+00, 2026-06-03 18:56:44.543283+00, null, null, 1).


The above exception was the direct cause of the following exception:

Traceback (most recent call last):
  File "C:\Users\benic\Documents\NetBeansProjects\HTML\hrpro\backend\venv\Lib\site-packages\django\core\handlers\exception.py", line 55, in inner
    response = get_response(request)
               ^^^^^^^^^^^^^^^^^^^^^
  File "C:\Users\benic\Documents\NetBeansProjects\HTML\hrpro\backend\venv\Lib\site-packages\django\core\handlers\base.py", line 197, in _get_response
    response = wrapped_callback(request, *callback_args, **callback_kwargs)
               ^^^^^^^^^^^^^^^^^^^^^^^^^^^^^^^^^^^^^^^^^^^^^^^^^^^^^^^^^^^^
  File "C:\Users\benic\Documents\NetBeansProjects\HTML\hrpro\backend\venv\Lib\site-packages\django\views\decorators\csrf.py", line 56, in wrapper_view
    return view_func(*args, **kwargs)
           ^^^^^^^^^^^^^^^^^^^^^^^^^^
  File "C:\Users\benic\Documents\NetBeansProjects\HTML\hrpro\backend\venv\Lib\site-packages\django\views\generic\base.py", line 104, in view
    return self.dispatch(request, *args, **kwargs)
           ^^^^^^^^^^^^^^^^^^^^^^^^^^^^^^^^^^^^^^^
  File "C:\Users\benic\Documents\NetBeansProjects\HTML\hrpro\backend\venv\Lib\site-packages\rest_framework\views.py", line 509, in dispatch
    response = self.handle_exception(exc)
               ^^^^^^^^^^^^^^^^^^^^^^^^^^
  File "C:\Users\benic\Documents\NetBeansProjects\HTML\hrpro\backend\venv\Lib\site-packages\rest_framework\views.py", line 469, in handle_exception
    self.raise_uncaught_exception(exc)
  File "C:\Users\benic\Documents\NetBeansProjects\HTML\hrpro\backend\venv\Lib\site-packages\rest_framework\views.py", line 480, in raise_uncaught_exception
    raise exc
  File "C:\Users\benic\Documents\NetBeansProjects\HTML\hrpro\backend\venv\Lib\site-packages\rest_framework\views.py", line 506, in dispatch
    response = handler(request, *args, **kwargs)
               ^^^^^^^^^^^^^^^^^^^^^^^^^^^^^^^^^
  File "C:\Users\benic\Documents\NetBeansProjects\HTML\hrpro\backend\venv\Lib\site-packages\rest_framework\generics.py", line 246, in post
    return self.create(request, *args, **kwargs)
           ^^^^^^^^^^^^^^^^^^^^^^^^^^^^^^^^^^^^^
  File "C:\Users\benic\Documents\NetBeansProjects\HTML\hrpro\backend\venv\Lib\site-packages\rest_framework\mixins.py", line 19, in create
    self.perform_create(serializer)
  File "C:\Users\benic\Documents\NetBeansProjects\HTML\hrpro\backend\apps\leave\views.py", line 85, in perform_create
    serializer.save()
  File "C:\Users\benic\Documents\NetBeansProjects\HTML\hrpro\backend\venv\Lib\site-packages\rest_framework\serializers.py", line 208, in save
    self.instance = self.create(validated_data)
                    ^^^^^^^^^^^^^^^^^^^^^^^^^^^
  File "C:\Users\benic\Documents\NetBeansProjects\HTML\hrpro\backend\venv\Lib\site-packages\rest_framework\serializers.py", line 989, in create
    instance = ModelClass._default_manager.create(**validated_data)
               ^^^^^^^^^^^^^^^^^^^^^^^^^^^^^^^^^^^^^^^^^^^^^^^^^^^^
  File "C:\Users\benic\Documents\NetBeansProjects\HTML\hrpro\backend\venv\Lib\site-packages\django\db\models\manager.py", line 87, in manager_method
    return getattr(self.get_queryset(), name)(*args, **kwargs)
           ^^^^^^^^^^^^^^^^^^^^^^^^^^^^^^^^^^^^^^^^^^^^^^^^^^^
  File "C:\Users\benic\Documents\NetBeansProjects\HTML\hrpro\backend\venv\Lib\site-packages\django\db\models\query.py", line 658, in create
    obj.save(force_insert=True, using=self.db)
  File "C:\Users\benic\Documents\NetBeansProjects\HTML\hrpro\backend\venv\Lib\site-packages\django\db\models\base.py", line 814, in save
    self.save_base(
  File "C:\Users\benic\Documents\NetBeansProjects\HTML\hrpro\backend\venv\Lib\site-packages\django\db\models\base.py", line 877, in save_base
    updated = self._save_table(
              ^^^^^^^^^^^^^^^^^
  File "C:\Users\benic\Documents\NetBeansProjects\HTML\hrpro\backend\venv\Lib\site-packages\django\db\models\base.py", line 1020, in _save_table
    results = self._do_insert(
              ^^^^^^^^^^^^^^^^
  File "C:\Users\benic\Documents\NetBeansProjects\HTML\hrpro\backend\venv\Lib\site-packages\django\db\models\base.py", line 1061, in _do_insert
    return manager._insert(
           ^^^^^^^^^^^^^^^^
  File "C:\Users\benic\Documents\NetBeansProjects\HTML\hrpro\backend\venv\Lib\site-packages\django\db\models\manager.py", line 87, in manager_method
    return getattr(self.get_queryset(), name)(*args, **kwargs)
           ^^^^^^^^^^^^^^^^^^^^^^^^^^^^^^^^^^^^^^^^^^^^^^^^^^^
  File "C:\Users\benic\Documents\NetBeansProjects\HTML\hrpro\backend\venv\Lib\site-packages\django\db\models\query.py", line 1805, in _insert
    return query.get_compiler(using=using).execute_sql(returning_fields)
           ^^^^^^^^^^^^^^^^^^^^^^^^^^^^^^^^^^^^^^^^^^^^^^^^^^^^^^^^^^^^^
  File "C:\Users\benic\Documents\NetBeansProjects\HTML\hrpro\backend\venv\Lib\site-packages\django\db\models\sql\compiler.py", line 1822, in execute_sql
    cursor.execute(sql, params)
  File "C:\Users\benic\Documents\NetBeansProjects\HTML\hrpro\backend\venv\Lib\site-packages\django\db\backends\utils.py", line 102, in execute
    return super().execute(sql, params)
           ^^^^^^^^^^^^^^^^^^^^^^^^^^^^
  File "C:\Users\benic\Documents\NetBeansProjects\HTML\hrpro\backend\venv\Lib\site-packages\django\db\backends\utils.py", line 67, in execute
    return self._execute_with_wrappers(
           ^^^^^^^^^^^^^^^^^^^^^^^^^^^^
  File "C:\Users\benic\Documents\NetBeansProjects\HTML\hrpro\backend\venv\Lib\site-packages\django\db\backends\utils.py", line 80, in _execute_with_wrappers
    return executor(sql, params, many, context)
           ^^^^^^^^^^^^^^^^^^^^^^^^^^^^^^^^^^^^
  File "C:\Users\benic\Documents\NetBeansProjects\HTML\hrpro\backend\venv\Lib\site-packages\django\db\backends\utils.py", line 84, in _execute
    with self.db.wrap_database_errors:
  File "C:\Users\benic\Documents\NetBeansProjects\HTML\hrpro\backend\venv\Lib\site-packages\django\db\utils.py", line 91, in __exit__
    raise dj_exc_value.with_traceback(traceback) from exc_value
  File "C:\Users\benic\Documents\NetBeansProjects\HTML\hrpro\backend\venv\Lib\site-packages\django\db\backends\utils.py", line 89, in _execute
    return self.cursor.execute(sql, params)
           ^^^^^^^^^^^^^^^^^^^^^^^^^^^^^^^^
django.db.utils.IntegrityError: null value in column "employee_id" of relation "leave_leaverequest" violates not-null constraint
DETAIL:  Failing row contains (2, 2026-06-17, 2026-06-22, 4.0, To visit my family, PENDING, , 2026-06-03 18:56:44.543283+00, 2026-06-03 18:56:44.543283+00, null, null, 1).

"POST /api/leave/requests/ HTTP/1.1" 500 214970
Watching for file changes with StatReloader
Watching for file changes with StatReloader
"OPTIONS /api/employees/?page_size=1 HTTP/1.1" 200 0
"OPTIONS /api/leave/requests/?status=PENDING&page_size=1 HTTP/1.1" 200 0
"OPTIONS /api/payroll/runs/?month=6&year=2026 HTTP/1.1" 200 0
"OPTIONS /api/attendance/?date=2026-06-04&status=PRESENT&page_size=1 HTTP/1.1" 200 0
"OPTIONS /api/leave/requests/?page_size=5 HTTP/1.1" 200 0
"GET /api/leave/requests/?page_size=5 HTTP/1.1" 200 52
"GET /api/payroll/runs/?month=6&year=2026 HTTP/1.1" 200 52
"GET /api/leave/requests/?status=PENDING&page_size=1 HTTP/1.1" 200 52
"GET /api/employees/?page_size=1 HTTP/1.1" 200 349
"GET /api/attendance/?date=2026-06-04&status=PRESENT&page_size=1 HTTP/1.1" 200 52
"OPTIONS /api/leave/requests/ HTTP/1.1" 200 0
"OPTIONS /api/leave/balances/?year=2026 HTTP/1.1" 200 0
"OPTIONS /api/leave/types/ HTTP/1.1" 200 0
"GET /api/leave/requests/ HTTP/1.1" 200 52
"GET /api/leave/balances/?year=2026 HTTP/1.1" 200 52
"GET /api/leave/types/ HTTP/1.1" 200 1813
"OPTIONS /api/attendance/?date=2026-06-04 HTTP/1.1" 200 0
"OPTIONS /api/employees/?employment_status=ACTIVE&page_size=200 HTTP/1.1" 200 0
"GET /api/attendance/?date=2026-06-04 HTTP/1.1" 200 52
"GET /api/employees/?employment_status=ACTIVE&page_size=200 HTTP/1.1" 200 349
"OPTIONS /api/employees/?page=1 HTTP/1.1" 200 0
"OPTIONS /api/departments/?simple=true&page_size=100 HTTP/1.1" 200 0
"GET /api/employees/?page=1 HTTP/1.1" 200 349
"GET /api/departments/?simple=true&page_size=100 HTTP/1.1" 200 183
"OPTIONS /api/reports/payroll-summary/?month=6&year=2026 HTTP/1.1" 200 0
Not Found: /api/reports/payroll-summary/
"GET /api/reports/payroll-summary/?month=6&year=2026 HTTP/1.1" 404 48
C:\Users\benic\Documents\NetBeansProjects\HTML\hrpro\backend\hrpro_backend\settings.py changed, reloading.
Watching for file changes with StatReloader
"OPTIONS /api/reports/payroll-summary/?month=5&year=2026 HTTP/1.1" 200 0
Not Found: /api/reports/payroll-summary/
"GET /api/reports/payroll-summary/?month=5&year=2026 HTTP/1.1" 404 47
C:\Users\benic\Documents\NetBeansProjects\HTML\hrpro\backend\hrpro_backend\urls.py changed, reloading.
Watching for file changes with StatReloader
"OPTIONS /api/reports/payroll-summary/?month=4&year=2026 HTTP/1.1" 200 0
"GET /api/reports/payroll-summary/?month=4&year=2026 HTTP/1.1" 200 242
"OPTIONS /api/departments/?page_size=100 HTTP/1.1" 200 0
"OPTIONS /api/departments/positions/?page_size=200 HTTP/1.1" 200 0
"GET /api/departments/positions/?page_size=200 HTTP/1.1" 200 626
"GET /api/departments/?page_size=100 HTTP/1.1" 200 1366
Not Found: /api/reports/payroll-summary/
"GET /api/reports/payroll-summary/?month=6&year=2026 HTTP/1.1" 404 48
"OPTIONS /api/reports/ssnit/?month=4&year=2026 HTTP/1.1" 200 0
"GET /api/reports/ssnit/?month=4&year=2026 HTTP/1.1" 200 198
"OPTIONS /api/reports/headcount/ HTTP/1.1" 200 0
"GET /api/reports/headcount/ HTTP/1.1" 200 240
"OPTIONS /api/reports/gra/?month=4&year=2026 HTTP/1.1" 200 0
"GET /api/reports/gra/?month=4&year=2026 HTTP/1.1" 200 131
Not Found: /api/reports/payroll-summary/
"GET /api/reports/payroll-summary/?month=6&year=2026 HTTP/1.1" 404 48
"OPTIONS /api/loans/? HTTP/1.1" 200 0
"GET /api/employees/?employment_status=ACTIVE&page_size=200 HTTP/1.1" 200 349
"GET /api/loans/? HTTP/1.1" 200 52
"GET /api/attendance/?date=2026-06-04 HTTP/1.1" 200 52
"GET /api/employees/?page=1 HTTP/1.1" 200 349
"GET /api/departments/?simple=true&page_size=100 HTTP/1.1" 200 183
"OPTIONS /api/payroll/runs/ HTTP/1.1" 200 0
"GET /api/payroll/runs/ HTTP/1.1" 200 412
"GET /api/departments/?page_size=100 HTTP/1.1" 200 1366
"GET /api/departments/positions/?page_size=200 HTTP/1.1" 200 626
"OPTIONS /api/employees/1/ HTTP/1.1" 200 0
"GET /api/employees/1/ HTTP/1.1" 200 877
"OPTIONS /api/departments/positions/?department=1&page_size=100 HTTP/1.1" 200 0
"GET /api/departments/positions/?department=1&page_size=100 HTTP/1.1" 200 251
C:\Users\benic\Documents\NetBeansProjects\HTML\hrpro\backend\apps\reports\views.py changed, reloading.
Watching for file changes with StatReloader
C:\Users\benic\Documents\NetBeansProjects\HTML\hrpro\backend\apps\reports\views.py changed, reloading.
Watching for file changes with StatReloader
C:\Users\benic\Documents\NetBeansProjects\HTML\hrpro\backend\apps\reports\urls.py changed, reloading.
Watching for file changes with StatReloader
"OPTIONS /api/employees/?page=1 HTTP/1.1" 200 0
"OPTIONS /api/departments/?simple=true&page_size=100 HTTP/1.1" 200 0
"GET /api/departments/?simple=true&page_size=100 HTTP/1.1" 200 183
"GET /api/employees/?page=1 HTTP/1.1" 200 349
"GET /api/employees/?page=1 HTTP/1.1" 200 349
"GET /api/departments/?simple=true&page_size=100 HTTP/1.1" 200 183
"OPTIONS /api/departments/?page_size=100 HTTP/1.1" 200 0
"OPTIONS /api/departments/positions/?page_size=200 HTTP/1.1" 200 0
"GET /api/departments/?page_size=100 HTTP/1.1" 200 1366
"GET /api/departments/positions/?page_size=200 HTTP/1.1" 200 626
"OPTIONS /api/payroll/runs/ HTTP/1.1" 200 0
"GET /api/payroll/runs/ HTTP/1.1" 200 412
"OPTIONS /api/auth/users/ HTTP/1.1" 200 0
"GET /api/auth/users/ HTTP/1.1" 200 309
"OPTIONS /api/leave/types/?page_size=50 HTTP/1.1" 200 0
"GET /api/leave/types/?page_size=50 HTTP/1.1" 200 1813
"OPTIONS /api/salary/allowance-types/?page_size=50 HTTP/1.1" 200 0
"GET /api/salary/allowance-types/?page_size=50 HTTP/1.1" 200 1218
C:\Users\benic\Documents\NetBeansProjects\HTML\hrpro\backend\apps\departments\models.py changed, reloading.
Watching for file changes with StatReloader
C:\Users\benic\Documents\NetBeansProjects\HTML\hrpro\backend\apps\departments\serializers.py changed, reloading.
Watching for file changes with StatReloader
C:\Users\benic\Documents\NetBeansProjects\HTML\hrpro\backend\apps\payroll\utils.py changed, reloading.
Watching for file changes with StatReloader
C:\Users\benic\Documents\NetBeansProjects\HTML\hrpro\backend\apps\payroll\utils.py changed, reloading.
Watching for file changes with StatReloader
Internal Server Error: /api/departments/
Traceback (most recent call last):
  File "C:\Users\benic\Documents\NetBeansProjects\HTML\hrpro\backend\venv\Lib\site-packages\django\db\backends\utils.py", line 89, in _execute
    return self.cursor.execute(sql, params)
           ^^^^^^^^^^^^^^^^^^^^^^^^^^^^^^^^
psycopg2.errors.UndefinedColumn: column departments_position.basic_salary does not exist
LINE 1: ...."department_id", "departments_position"."grade", "departmen...
                                                             ^


The above exception was the direct cause of the following exception:

Traceback (most recent call last):
  File "C:\Users\benic\Documents\NetBeansProjects\HTML\hrpro\backend\venv\Lib\site-packages\django\core\handlers\exception.py", line 55, in inner
    response = get_response(request)
               ^^^^^^^^^^^^^^^^^^^^^
  File "C:\Users\benic\Documents\NetBeansProjects\HTML\hrpro\backend\venv\Lib\site-packages\django\core\handlers\base.py", line 197, in _get_response
    response = wrapped_callback(request, *callback_args, **callback_kwargs)
               ^^^^^^^^^^^^^^^^^^^^^^^^^^^^^^^^^^^^^^^^^^^^^^^^^^^^^^^^^^^^
  File "C:\Users\benic\Documents\NetBeansProjects\HTML\hrpro\backend\venv\Lib\site-packages\django\views\decorators\csrf.py", line 56, in wrapper_view
    return view_func(*args, **kwargs)
           ^^^^^^^^^^^^^^^^^^^^^^^^^^
  File "C:\Users\benic\Documents\NetBeansProjects\HTML\hrpro\backend\venv\Lib\site-packages\django\views\generic\base.py", line 104, in view
    return self.dispatch(request, *args, **kwargs)
           ^^^^^^^^^^^^^^^^^^^^^^^^^^^^^^^^^^^^^^^
  File "C:\Users\benic\Documents\NetBeansProjects\HTML\hrpro\backend\venv\Lib\site-packages\rest_framework\views.py", line 509, in dispatch
    response = self.handle_exception(exc)
               ^^^^^^^^^^^^^^^^^^^^^^^^^^
  File "C:\Users\benic\Documents\NetBeansProjects\HTML\hrpro\backend\venv\Lib\site-packages\rest_framework\views.py", line 469, in handle_exception
    self.raise_uncaught_exception(exc)
  File "C:\Users\benic\Documents\NetBeansProjects\HTML\hrpro\backend\venv\Lib\site-packages\rest_framework\views.py", line 480, in raise_uncaught_exception
    raise exc
  File "C:\Users\benic\Documents\NetBeansProjects\HTML\hrpro\backend\venv\Lib\site-packages\rest_framework\views.py", line 506, in dispatch
    response = handler(request, *args, **kwargs)
               ^^^^^^^^^^^^^^^^^^^^^^^^^^^^^^^^^
  File "C:\Users\benic\Documents\NetBeansProjects\HTML\hrpro\backend\venv\Lib\site-packages\rest_framework\generics.py", line 243, in get
    return self.list(request, *args, **kwargs)
           ^^^^^^^^^^^^^^^^^^^^^^^^^^^^^^^^^^^
  File "C:\Users\benic\Documents\NetBeansProjects\HTML\hrpro\backend\venv\Lib\site-packages\rest_framework\mixins.py", line 43, in list
    return self.get_paginated_response(serializer.data)
                                       ^^^^^^^^^^^^^^^
  File "C:\Users\benic\Documents\NetBeansProjects\HTML\hrpro\backend\venv\Lib\site-packages\rest_framework\serializers.py", line 795, in data
    ret = super().data
          ^^^^^^^^^^^^
  File "C:\Users\benic\Documents\NetBeansProjects\HTML\hrpro\backend\venv\Lib\site-packages\rest_framework\serializers.py", line 249, in data
    self._data = self.to_representation(self.instance)
                 ^^^^^^^^^^^^^^^^^^^^^^^^^^^^^^^^^^^^^
  File "C:\Users\benic\Documents\NetBeansProjects\HTML\hrpro\backend\venv\Lib\site-packages\rest_framework\serializers.py", line 713, in to_representation
    return [
           ^
  File "C:\Users\benic\Documents\NetBeansProjects\HTML\hrpro\backend\venv\Lib\site-packages\rest_framework\serializers.py", line 714, in <listcomp>
    self.child.to_representation(item) for item in iterable
    ^^^^^^^^^^^^^^^^^^^^^^^^^^^^^^^^^^
  File "C:\Users\benic\Documents\NetBeansProjects\HTML\hrpro\backend\venv\Lib\site-packages\rest_framework\serializers.py", line 538, in to_representation
    ret[field.field_name] = field.to_representation(attribute)
                            ^^^^^^^^^^^^^^^^^^^^^^^^^^^^^^^^^^
  File "C:\Users\benic\Documents\NetBeansProjects\HTML\hrpro\backend\venv\Lib\site-packages\rest_framework\serializers.py", line 713, in to_representation
    return [
           ^
  File "C:\Users\benic\Documents\NetBeansProjects\HTML\hrpro\backend\venv\Lib\site-packages\django\db\models\query.py", line 398, in __iter__
    self._fetch_all()
  File "C:\Users\benic\Documents\NetBeansProjects\HTML\hrpro\backend\venv\Lib\site-packages\django\db\models\query.py", line 1881, in _fetch_all
    self._result_cache = list(self._iterable_class(self))
                         ^^^^^^^^^^^^^^^^^^^^^^^^^^^^^^^^
  File "C:\Users\benic\Documents\NetBeansProjects\HTML\hrpro\backend\venv\Lib\site-packages\django\db\models\query.py", line 91, in __iter__
    results = compiler.execute_sql(
              ^^^^^^^^^^^^^^^^^^^^^
  File "C:\Users\benic\Documents\NetBeansProjects\HTML\hrpro\backend\venv\Lib\site-packages\django\db\models\sql\compiler.py", line 1562, in execute_sql
    cursor.execute(sql, params)
  File "C:\Users\benic\Documents\NetBeansProjects\HTML\hrpro\backend\venv\Lib\site-packages\django\db\backends\utils.py", line 102, in execute
    return super().execute(sql, params)
           ^^^^^^^^^^^^^^^^^^^^^^^^^^^^
  File "C:\Users\benic\Documents\NetBeansProjects\HTML\hrpro\backend\venv\Lib\site-packages\django\db\backends\utils.py", line 67, in execute
    return self._execute_with_wrappers(
           ^^^^^^^^^^^^^^^^^^^^^^^^^^^^
  File "C:\Users\benic\Documents\NetBeansProjects\HTML\hrpro\backend\venv\Lib\site-packages\django\db\backends\utils.py", line 80, in _execute_with_wrappers
    return executor(sql, params, many, context)
           ^^^^^^^^^^^^^^^^^^^^^^^^^^^^^^^^^^^^
  File "C:\Users\benic\Documents\NetBeansProjects\HTML\hrpro\backend\venv\Lib\site-packages\django\db\backends\utils.py", line 84, in _execute
    with self.db.wrap_database_errors:
  File "C:\Users\benic\Documents\NetBeansProjects\HTML\hrpro\backend\venv\Lib\site-packages\django\db\utils.py", line 91, in __exit__
    raise dj_exc_value.with_traceback(traceback) from exc_value
  File "C:\Users\benic\Documents\NetBeansProjects\HTML\hrpro\backend\venv\Lib\site-packages\django\db\backends\utils.py", line 89, in _execute
    return self.cursor.execute(sql, params)
           ^^^^^^^^^^^^^^^^^^^^^^^^^^^^^^^^
django.db.utils.ProgrammingError: column departments_position.basic_salary does not exist
LINE 1: ...."department_id", "departments_position"."grade", "departmen...
                                                             ^

Internal Server Error: /api/departments/positions/
Traceback (most recent call last):
  File "C:\Users\benic\Documents\NetBeansProjects\HTML\hrpro\backend\venv\Lib\site-packages\django\db\backends\utils.py", line 89, in _execute
    return self.cursor.execute(sql, params)
           ^^^^^^^^^^^^^^^^^^^^^^^^^^^^^^^^
psycopg2.errors.UndefinedColumn: column departments_position.basic_salary does not exist
LINE 1: ...."department_id", "departments_position"."grade", "departmen...
                                                             ^


The above exception was the direct cause of the following exception:

Traceback (most recent call last):
  File "C:\Users\benic\Documents\NetBeansProjects\HTML\hrpro\backend\venv\Lib\site-packages\django\core\handlers\exception.py", line 55, in inner
    response = get_response(request)
               ^^^^^^^^^^^^^^^^^^^^^
  File "C:\Users\benic\Documents\NetBeansProjects\HTML\hrpro\backend\venv\Lib\site-packages\django\core\handlers\base.py", line 197, in _get_response
    response = wrapped_callback(request, *callback_args, **callback_kwargs)
               ^^^^^^^^^^^^^^^^^^^^^^^^^^^^^^^^^^^^^^^^^^^^^^^^^^^^^^^^^^^^
  File "C:\Users\benic\Documents\NetBeansProjects\HTML\hrpro\backend\venv\Lib\site-packages\django\views\decorators\csrf.py", line 56, in wrapper_view
    return view_func(*args, **kwargs)
           ^^^^^^^^^^^^^^^^^^^^^^^^^^
  File "C:\Users\benic\Documents\NetBeansProjects\HTML\hrpro\backend\venv\Lib\site-packages\django\views\generic\base.py", line 104, in view
    return self.dispatch(request, *args, **kwargs)
           ^^^^^^^^^^^^^^^^^^^^^^^^^^^^^^^^^^^^^^^
  File "C:\Users\benic\Documents\NetBeansProjects\HTML\hrpro\backend\venv\Lib\site-packages\rest_framework\views.py", line 509, in dispatch
    response = self.handle_exception(exc)
               ^^^^^^^^^^^^^^^^^^^^^^^^^^
  File "C:\Users\benic\Documents\NetBeansProjects\HTML\hrpro\backend\venv\Lib\site-packages\rest_framework\views.py", line 469, in handle_exception
    self.raise_uncaught_exception(exc)
  File "C:\Users\benic\Documents\NetBeansProjects\HTML\hrpro\backend\venv\Lib\site-packages\rest_framework\views.py", line 480, in raise_uncaught_exception
    raise exc
  File "C:\Users\benic\Documents\NetBeansProjects\HTML\hrpro\backend\venv\Lib\site-packages\rest_framework\views.py", line 506, in dispatch
    response = handler(request, *args, **kwargs)
               ^^^^^^^^^^^^^^^^^^^^^^^^^^^^^^^^^
  File "C:\Users\benic\Documents\NetBeansProjects\HTML\hrpro\backend\venv\Lib\site-packages\rest_framework\generics.py", line 243, in get
    return self.list(request, *args, **kwargs)
           ^^^^^^^^^^^^^^^^^^^^^^^^^^^^^^^^^^^
  File "C:\Users\benic\Documents\NetBeansProjects\HTML\hrpro\backend\venv\Lib\site-packages\rest_framework\mixins.py", line 40, in list
    page = self.paginate_queryset(queryset)
           ^^^^^^^^^^^^^^^^^^^^^^^^^^^^^^^^
  File "C:\Users\benic\Documents\NetBeansProjects\HTML\hrpro\backend\venv\Lib\site-packages\rest_framework\generics.py", line 175, in paginate_queryset
    return self.paginator.paginate_queryset(queryset, self.request, view=self)
           ^^^^^^^^^^^^^^^^^^^^^^^^^^^^^^^^^^^^^^^^^^^^^^^^^^^^^^^^^^^^^^^^^^^
  File "C:\Users\benic\Documents\NetBeansProjects\HTML\hrpro\backend\venv\Lib\site-packages\rest_framework\pagination.py", line 223, in paginate_queryset
    return list(self.page)
           ^^^^^^^^^^^^^^^
  File "C:\Users\benic\Documents\NetBeansProjects\HTML\hrpro\backend\venv\Lib\site-packages\django\core\paginator.py", line 174, in __len__
    return len(self.object_list)
           ^^^^^^^^^^^^^^^^^^^^^
  File "C:\Users\benic\Documents\NetBeansProjects\HTML\hrpro\backend\venv\Lib\site-packages\django\db\models\query.py", line 380, in __len__
    self._fetch_all()
  File "C:\Users\benic\Documents\NetBeansProjects\HTML\hrpro\backend\venv\Lib\site-packages\django\db\models\query.py", line 1881, in _fetch_all
    self._result_cache = list(self._iterable_class(self))
                         ^^^^^^^^^^^^^^^^^^^^^^^^^^^^^^^^
  File "C:\Users\benic\Documents\NetBeansProjects\HTML\hrpro\backend\venv\Lib\site-packages\django\db\models\query.py", line 91, in __iter__
    results = compiler.execute_sql(
              ^^^^^^^^^^^^^^^^^^^^^
  File "C:\Users\benic\Documents\NetBeansProjects\HTML\hrpro\backend\venv\Lib\site-packages\django\db\models\sql\compiler.py", line 1562, in execute_sql
    cursor.execute(sql, params)
  File "C:\Users\benic\Documents\NetBeansProjects\HTML\hrpro\backend\venv\Lib\site-packages\django\db\backends\utils.py", line 102, in execute
    return super().execute(sql, params)
           ^^^^^^^^^^^^^^^^^^^^^^^^^^^^
  File "C:\Users\benic\Documents\NetBeansProjects\HTML\hrpro\backend\venv\Lib\site-packages\django\db\backends\utils.py", line 67, in execute
    return self._execute_with_wrappers(
           ^^^^^^^^^^^^^^^^^^^^^^^^^^^^
  File "C:\Users\benic\Documents\NetBeansProjects\HTML\hrpro\backend\venv\Lib\site-packages\django\db\backends\utils.py", line 80, in _execute_with_wrappers
    return executor(sql, params, many, context)
           ^^^^^^^^^^^^^^^^^^^^^^^^^^^^^^^^^^^^
  File "C:\Users\benic\Documents\NetBeansProjects\HTML\hrpro\backend\venv\Lib\site-packages\django\db\backends\utils.py", line 84, in _execute
    with self.db.wrap_database_errors:
  File "C:\Users\benic\Documents\NetBeansProjects\HTML\hrpro\backend\venv\Lib\site-packages\django\db\utils.py", line 91, in __exit__
    raise dj_exc_value.with_traceback(traceback) from exc_value
  File "C:\Users\benic\Documents\NetBeansProjects\HTML\hrpro\backend\venv\Lib\site-packages\django\db\backends\utils.py", line 89, in _execute
    return self.cursor.execute(sql, params)
           ^^^^^^^^^^^^^^^^^^^^^^^^^^^^^^^^
django.db.utils.ProgrammingError: column departments_position.basic_salary does not exist
LINE 1: ...."department_id", "departments_position"."grade", "departmen...
                                                             ^

"GET /api/departments/?page_size=100 HTTP/1.1" 500 202726
"GET /api/departments/positions/?page_size=200 HTTP/1.1" 500 178816
Internal Server Error: /api/departments/positions/
Traceback (most recent call last):
  File "C:\Users\benic\Documents\NetBeansProjects\HTML\hrpro\backend\venv\Lib\site-packages\django\db\backends\utils.py", line 89, in _execute
    return self.cursor.execute(sql, params)
           ^^^^^^^^^^^^^^^^^^^^^^^^^^^^^^^^
psycopg2.errors.UndefinedColumn: column departments_position.basic_salary does not exist
LINE 1: ...."department_id", "departments_position"."grade", "departmen...
                                                             ^


The above exception was the direct cause of the following exception:

Traceback (most recent call last):
  File "C:\Users\benic\Documents\NetBeansProjects\HTML\hrpro\backend\venv\Lib\site-packages\django\core\handlers\exception.py", line 55, in inner
    response = get_response(request)
               ^^^^^^^^^^^^^^^^^^^^^
  File "C:\Users\benic\Documents\NetBeansProjects\HTML\hrpro\backend\venv\Lib\site-packages\django\core\handlers\base.py", line 197, in _get_response
    response = wrapped_callback(request, *callback_args, **callback_kwargs)
               ^^^^^^^^^^^^^^^^^^^^^^^^^^^^^^^^^^^^^^^^^^^^^^^^^^^^^^^^^^^^
  File "C:\Users\benic\Documents\NetBeansProjects\HTML\hrpro\backend\venv\Lib\site-packages\django\views\decorators\csrf.py", line 56, in wrapper_view
    return view_func(*args, **kwargs)
           ^^^^^^^^^^^^^^^^^^^^^^^^^^
  File "C:\Users\benic\Documents\NetBeansProjects\HTML\hrpro\backend\venv\Lib\site-packages\django\views\generic\base.py", line 104, in view
    return self.dispatch(request, *args, **kwargs)
           ^^^^^^^^^^^^^^^^^^^^^^^^^^^^^^^^^^^^^^^
  File "C:\Users\benic\Documents\NetBeansProjects\HTML\hrpro\backend\venv\Lib\site-packages\rest_framework\views.py", line 509, in dispatch
    response = self.handle_exception(exc)
               ^^^^^^^^^^^^^^^^^^^^^^^^^^
  File "C:\Users\benic\Documents\NetBeansProjects\HTML\hrpro\backend\venv\Lib\site-packages\rest_framework\views.py", line 469, in handle_exception
    self.raise_uncaught_exception(exc)
  File "C:\Users\benic\Documents\NetBeansProjects\HTML\hrpro\backend\venv\Lib\site-packages\rest_framework\views.py", line 480, in raise_uncaught_exception
    raise exc
  File "C:\Users\benic\Documents\NetBeansProjects\HTML\hrpro\backend\venv\Lib\site-packages\rest_framework\views.py", line 506, in dispatch
    response = handler(request, *args, **kwargs)
               ^^^^^^^^^^^^^^^^^^^^^^^^^^^^^^^^^
  File "C:\Users\benic\Documents\NetBeansProjects\HTML\hrpro\backend\venv\Lib\site-packages\rest_framework\generics.py", line 243, in get
    return self.list(request, *args, **kwargs)
           ^^^^^^^^^^^^^^^^^^^^^^^^^^^^^^^^^^^
  File "C:\Users\benic\Documents\NetBeansProjects\HTML\hrpro\backend\venv\Lib\site-packages\rest_framework\mixins.py", line 40, in list
    page = self.paginate_queryset(queryset)
           ^^^^^^^^^^^^^^^^^^^^^^^^^^^^^^^^
  File "C:\Users\benic\Documents\NetBeansProjects\HTML\hrpro\backend\venv\Lib\site-packages\rest_framework\generics.py", line 175, in paginate_queryset
    return self.paginator.paginate_queryset(queryset, self.request, view=self)
           ^^^^^^^^^^^^^^^^^^^^^^^^^^^^^^^^^^^^^^^^^^^^^^^^^^^^^^^^^^^^^^^^^^^
  File "C:\Users\benic\Documents\NetBeansProjects\HTML\hrpro\backend\venv\Lib\site-packages\rest_framework\pagination.py", line 223, in paginate_queryset
    return list(self.page)
           ^^^^^^^^^^^^^^^
  File "C:\Users\benic\Documents\NetBeansProjects\HTML\hrpro\backend\venv\Lib\site-packages\django\core\paginator.py", line 174, in __len__
    return len(self.object_list)
           ^^^^^^^^^^^^^^^^^^^^^
  File "C:\Users\benic\Documents\NetBeansProjects\HTML\hrpro\backend\venv\Lib\site-packages\django\db\models\query.py", line 380, in __len__
    self._fetch_all()
  File "C:\Users\benic\Documents\NetBeansProjects\HTML\hrpro\backend\venv\Lib\site-packages\django\db\models\query.py", line 1881, in _fetch_all
    self._result_cache = list(self._iterable_class(self))
                         ^^^^^^^^^^^^^^^^^^^^^^^^^^^^^^^^
  File "C:\Users\benic\Documents\NetBeansProjects\HTML\hrpro\backend\venv\Lib\site-packages\django\db\models\query.py", line 91, in __iter__
    results = compiler.execute_sql(
              ^^^^^^^^^^^^^^^^^^^^^
  File "C:\Users\benic\Documents\NetBeansProjects\HTML\hrpro\backend\venv\Lib\site-packages\django\db\models\sql\compiler.py", line 1562, in execute_sql
    cursor.execute(sql, params)
  File "C:\Users\benic\Documents\NetBeansProjects\HTML\hrpro\backend\venv\Lib\site-packages\django\db\backends\utils.py", line 102, in execute
    return super().execute(sql, params)
           ^^^^^^^^^^^^^^^^^^^^^^^^^^^^
  File "C:\Users\benic\Documents\NetBeansProjects\HTML\hrpro\backend\venv\Lib\site-packages\django\db\backends\utils.py", line 67, in execute
    return self._execute_with_wrappers(
           ^^^^^^^^^^^^^^^^^^^^^^^^^^^^
  File "C:\Users\benic\Documents\NetBeansProjects\HTML\hrpro\backend\venv\Lib\site-packages\django\db\backends\utils.py", line 80, in _execute_with_wrappers
    return executor(sql, params, many, context)
           ^^^^^^^^^^^^^^^^^^^^^^^^^^^^^^^^^^^^
  File "C:\Users\benic\Documents\NetBeansProjects\HTML\hrpro\backend\venv\Lib\site-packages\django\db\backends\utils.py", line 84, in _execute
    with self.db.wrap_database_errors:
  File "C:\Users\benic\Documents\NetBeansProjects\HTML\hrpro\backend\venv\Lib\site-packages\django\db\utils.py", line 91, in __exit__
    raise dj_exc_value.with_traceback(traceback) from exc_value
  File "C:\Users\benic\Documents\NetBeansProjects\HTML\hrpro\backend\venv\Lib\site-packages\django\db\backends\utils.py", line 89, in _execute
    return self.cursor.execute(sql, params)
           ^^^^^^^^^^^^^^^^^^^^^^^^^^^^^^^^
django.db.utils.ProgrammingError: column departments_position.basic_salary does not exist
LINE 1: ...."department_id", "departments_position"."grade", "departmen...
                                                             ^

Internal Server Error: /api/departments/
Traceback (most recent call last):
  File "C:\Users\benic\Documents\NetBeansProjects\HTML\hrpro\backend\venv\Lib\site-packages\django\db\backends\utils.py", line 89, in _execute
    return self.cursor.execute(sql, params)
           ^^^^^^^^^^^^^^^^^^^^^^^^^^^^^^^^
psycopg2.errors.UndefinedColumn: column departments_position.basic_salary does not exist
LINE 1: ...."department_id", "departments_position"."grade", "departmen...
                                                             ^


The above exception was the direct cause of the following exception:

Traceback (most recent call last):
  File "C:\Users\benic\Documents\NetBeansProjects\HTML\hrpro\backend\venv\Lib\site-packages\django\core\handlers\exception.py", line 55, in inner
    response = get_response(request)
               ^^^^^^^^^^^^^^^^^^^^^
  File "C:\Users\benic\Documents\NetBeansProjects\HTML\hrpro\backend\venv\Lib\site-packages\django\core\handlers\base.py", line 197, in _get_response
    response = wrapped_callback(request, *callback_args, **callback_kwargs)
               ^^^^^^^^^^^^^^^^^^^^^^^^^^^^^^^^^^^^^^^^^^^^^^^^^^^^^^^^^^^^
  File "C:\Users\benic\Documents\NetBeansProjects\HTML\hrpro\backend\venv\Lib\site-packages\django\views\decorators\csrf.py", line 56, in wrapper_view
    return view_func(*args, **kwargs)
           ^^^^^^^^^^^^^^^^^^^^^^^^^^
  File "C:\Users\benic\Documents\NetBeansProjects\HTML\hrpro\backend\venv\Lib\site-packages\django\views\generic\base.py", line 104, in view
    return self.dispatch(request, *args, **kwargs)
           ^^^^^^^^^^^^^^^^^^^^^^^^^^^^^^^^^^^^^^^
  File "C:\Users\benic\Documents\NetBeansProjects\HTML\hrpro\backend\venv\Lib\site-packages\rest_framework\views.py", line 509, in dispatch
    response = self.handle_exception(exc)
               ^^^^^^^^^^^^^^^^^^^^^^^^^^
  File "C:\Users\benic\Documents\NetBeansProjects\HTML\hrpro\backend\venv\Lib\site-packages\rest_framework\views.py", line 469, in handle_exception
    self.raise_uncaught_exception(exc)
  File "C:\Users\benic\Documents\NetBeansProjects\HTML\hrpro\backend\venv\Lib\site-packages\rest_framework\views.py", line 480, in raise_uncaught_exception
    raise exc
  File "C:\Users\benic\Documents\NetBeansProjects\HTML\hrpro\backend\venv\Lib\site-packages\rest_framework\views.py", line 506, in dispatch
    response = handler(request, *args, **kwargs)
               ^^^^^^^^^^^^^^^^^^^^^^^^^^^^^^^^^
  File "C:\Users\benic\Documents\NetBeansProjects\HTML\hrpro\backend\venv\Lib\site-packages\rest_framework\generics.py", line 243, in get
    return self.list(request, *args, **kwargs)
           ^^^^^^^^^^^^^^^^^^^^^^^^^^^^^^^^^^^
  File "C:\Users\benic\Documents\NetBeansProjects\HTML\hrpro\backend\venv\Lib\site-packages\rest_framework\mixins.py", line 43, in list
    return self.get_paginated_response(serializer.data)
                                       ^^^^^^^^^^^^^^^
  File "C:\Users\benic\Documents\NetBeansProjects\HTML\hrpro\backend\venv\Lib\site-packages\rest_framework\serializers.py", line 795, in data
    ret = super().data
          ^^^^^^^^^^^^
  File "C:\Users\benic\Documents\NetBeansProjects\HTML\hrpro\backend\venv\Lib\site-packages\rest_framework\serializers.py", line 249, in data
    self._data = self.to_representation(self.instance)
                 ^^^^^^^^^^^^^^^^^^^^^^^^^^^^^^^^^^^^^
  File "C:\Users\benic\Documents\NetBeansProjects\HTML\hrpro\backend\venv\Lib\site-packages\rest_framework\serializers.py", line 713, in to_representation
    return [
           ^
  File "C:\Users\benic\Documents\NetBeansProjects\HTML\hrpro\backend\venv\Lib\site-packages\rest_framework\serializers.py", line 714, in <listcomp>
    self.child.to_representation(item) for item in iterable
    ^^^^^^^^^^^^^^^^^^^^^^^^^^^^^^^^^^
  File "C:\Users\benic\Documents\NetBeansProjects\HTML\hrpro\backend\venv\Lib\site-packages\rest_framework\serializers.py", line 538, in to_representation
    ret[field.field_name] = field.to_representation(attribute)
                            ^^^^^^^^^^^^^^^^^^^^^^^^^^^^^^^^^^
  File "C:\Users\benic\Documents\NetBeansProjects\HTML\hrpro\backend\venv\Lib\site-packages\rest_framework\serializers.py", line 713, in to_representation
    return [
           ^
  File "C:\Users\benic\Documents\NetBeansProjects\HTML\hrpro\backend\venv\Lib\site-packages\django\db\models\query.py", line 398, in __iter__
    self._fetch_all()
  File "C:\Users\benic\Documents\NetBeansProjects\HTML\hrpro\backend\venv\Lib\site-packages\django\db\models\query.py", line 1881, in _fetch_all
    self._result_cache = list(self._iterable_class(self))
                         ^^^^^^^^^^^^^^^^^^^^^^^^^^^^^^^^
  File "C:\Users\benic\Documents\NetBeansProjects\HTML\hrpro\backend\venv\Lib\site-packages\django\db\models\query.py", line 91, in __iter__
    results = compiler.execute_sql(
              ^^^^^^^^^^^^^^^^^^^^^
  File "C:\Users\benic\Documents\NetBeansProjects\HTML\hrpro\backend\venv\Lib\site-packages\django\db\models\sql\compiler.py", line 1562, in execute_sql
    cursor.execute(sql, params)
  File "C:\Users\benic\Documents\NetBeansProjects\HTML\hrpro\backend\venv\Lib\site-packages\django\db\backends\utils.py", line 102, in execute
    return super().execute(sql, params)
           ^^^^^^^^^^^^^^^^^^^^^^^^^^^^
  File "C:\Users\benic\Documents\NetBeansProjects\HTML\hrpro\backend\venv\Lib\site-packages\django\db\backends\utils.py", line 67, in execute
    return self._execute_with_wrappers(
           ^^^^^^^^^^^^^^^^^^^^^^^^^^^^
  File "C:\Users\benic\Documents\NetBeansProjects\HTML\hrpro\backend\venv\Lib\site-packages\django\db\backends\utils.py", line 80, in _execute_with_wrappers
    return executor(sql, params, many, context)
           ^^^^^^^^^^^^^^^^^^^^^^^^^^^^^^^^^^^^
  File "C:\Users\benic\Documents\NetBeansProjects\HTML\hrpro\backend\venv\Lib\site-packages\django\db\backends\utils.py", line 84, in _execute
    with self.db.wrap_database_errors:
  File "C:\Users\benic\Documents\NetBeansProjects\HTML\hrpro\backend\venv\Lib\site-packages\django\db\utils.py", line 91, in __exit__
    raise dj_exc_value.with_traceback(traceback) from exc_value
  File "C:\Users\benic\Documents\NetBeansProjects\HTML\hrpro\backend\venv\Lib\site-packages\django\db\backends\utils.py", line 89, in _execute
    return self.cursor.execute(sql, params)
           ^^^^^^^^^^^^^^^^^^^^^^^^^^^^^^^^
django.db.utils.ProgrammingError: column departments_position.basic_salary does not exist
LINE 1: ...."department_id", "departments_position"."grade", "departmen...
                                                             ^

"GET /api/departments/positions/?page_size=200 HTTP/1.1" 500 178816
"GET /api/departments/?page_size=100 HTTP/1.1" 500 202726
"GET /api/payroll/runs/ HTTP/1.1" 200 412
"OPTIONS /api/payroll/runs/1/ HTTP/1.1" 200 0
"GET /api/payroll/runs/1/ HTTP/1.1" 200 374
"OPTIONS /api/leave/requests/ HTTP/1.1" 200 0
"OPTIONS /api/leave/types/ HTTP/1.1" 200 0
"OPTIONS /api/leave/balances/?year=2026 HTTP/1.1" 200 0
"GET /api/leave/requests/ HTTP/1.1" 200 52
"GET /api/leave/types/ HTTP/1.1" 200 1813
"GET /api/leave/balances/?year=2026 HTTP/1.1" 200 52
"OPTIONS /api/attendance/?date=2026-06-04 HTTP/1.1" 200 0
"OPTIONS /api/employees/?employment_status=ACTIVE&page_size=200 HTTP/1.1" 200 0
"GET /api/attendance/?date=2026-06-04 HTTP/1.1" 200 52
Internal Server Error: /api/employees/
Traceback (most recent call last):
  File "C:\Users\benic\Documents\NetBeansProjects\HTML\hrpro\backend\venv\Lib\site-packages\django\db\backends\utils.py", line 89, in _execute
    return self.cursor.execute(sql, params)
           ^^^^^^^^^^^^^^^^^^^^^^^^^^^^^^^^
psycopg2.errors.UndefinedColumn: column departments_position.basic_salary does not exist
LINE 1: ...."department_id", "departments_position"."grade", "departmen...
                                                             ^


The above exception was the direct cause of the following exception:

Traceback (most recent call last):
  File "C:\Users\benic\Documents\NetBeansProjects\HTML\hrpro\backend\venv\Lib\site-packages\django\core\handlers\exception.py", line 55, in inner
    response = get_response(request)
               ^^^^^^^^^^^^^^^^^^^^^
  File "C:\Users\benic\Documents\NetBeansProjects\HTML\hrpro\backend\venv\Lib\site-packages\django\core\handlers\base.py", line 197, in _get_response
    response = wrapped_callback(request, *callback_args, **callback_kwargs)
               ^^^^^^^^^^^^^^^^^^^^^^^^^^^^^^^^^^^^^^^^^^^^^^^^^^^^^^^^^^^^
  File "C:\Users\benic\Documents\NetBeansProjects\HTML\hrpro\backend\venv\Lib\site-packages\django\views\decorators\csrf.py", line 56, in wrapper_view
    return view_func(*args, **kwargs)
           ^^^^^^^^^^^^^^^^^^^^^^^^^^
  File "C:\Users\benic\Documents\NetBeansProjects\HTML\hrpro\backend\venv\Lib\site-packages\django\views\generic\base.py", line 104, in view
    return self.dispatch(request, *args, **kwargs)
           ^^^^^^^^^^^^^^^^^^^^^^^^^^^^^^^^^^^^^^^
  File "C:\Users\benic\Documents\NetBeansProjects\HTML\hrpro\backend\venv\Lib\site-packages\rest_framework\views.py", line 509, in dispatch
    response = self.handle_exception(exc)
               ^^^^^^^^^^^^^^^^^^^^^^^^^^
  File "C:\Users\benic\Documents\NetBeansProjects\HTML\hrpro\backend\venv\Lib\site-packages\rest_framework\views.py", line 469, in handle_exception
    self.raise_uncaught_exception(exc)
  File "C:\Users\benic\Documents\NetBeansProjects\HTML\hrpro\backend\venv\Lib\site-packages\rest_framework\views.py", line 480, in raise_uncaught_exception
    raise exc
  File "C:\Users\benic\Documents\NetBeansProjects\HTML\hrpro\backend\venv\Lib\site-packages\rest_framework\views.py", line 506, in dispatch
    response = handler(request, *args, **kwargs)
               ^^^^^^^^^^^^^^^^^^^^^^^^^^^^^^^^^
  File "C:\Users\benic\Documents\NetBeansProjects\HTML\hrpro\backend\venv\Lib\site-packages\rest_framework\generics.py", line 243, in get
    return self.list(request, *args, **kwargs)
           ^^^^^^^^^^^^^^^^^^^^^^^^^^^^^^^^^^^
  File "C:\Users\benic\Documents\NetBeansProjects\HTML\hrpro\backend\venv\Lib\site-packages\rest_framework\mixins.py", line 40, in list
    page = self.paginate_queryset(queryset)
           ^^^^^^^^^^^^^^^^^^^^^^^^^^^^^^^^
  File "C:\Users\benic\Documents\NetBeansProjects\HTML\hrpro\backend\venv\Lib\site-packages\rest_framework\generics.py", line 175, in paginate_queryset
    return self.paginator.paginate_queryset(queryset, self.request, view=self)
           ^^^^^^^^^^^^^^^^^^^^^^^^^^^^^^^^^^^^^^^^^^^^^^^^^^^^^^^^^^^^^^^^^^^
  File "C:\Users\benic\Documents\NetBeansProjects\HTML\hrpro\backend\venv\Lib\site-packages\rest_framework\pagination.py", line 223, in paginate_queryset
    return list(self.page)
           ^^^^^^^^^^^^^^^
  File "C:\Users\benic\Documents\NetBeansProjects\HTML\hrpro\backend\venv\Lib\site-packages\django\core\paginator.py", line 174, in __len__
    return len(self.object_list)
           ^^^^^^^^^^^^^^^^^^^^^
  File "C:\Users\benic\Documents\NetBeansProjects\HTML\hrpro\backend\venv\Lib\site-packages\django\db\models\query.py", line 380, in __len__
    self._fetch_all()
  File "C:\Users\benic\Documents\NetBeansProjects\HTML\hrpro\backend\venv\Lib\site-packages\django\db\models\query.py", line 1881, in _fetch_all
    self._result_cache = list(self._iterable_class(self))
                         ^^^^^^^^^^^^^^^^^^^^^^^^^^^^^^^^
  File "C:\Users\benic\Documents\NetBeansProjects\HTML\hrpro\backend\venv\Lib\site-packages\django\db\models\query.py", line 91, in __iter__
    results = compiler.execute_sql(
              ^^^^^^^^^^^^^^^^^^^^^
  File "C:\Users\benic\Documents\NetBeansProjects\HTML\hrpro\backend\venv\Lib\site-packages\django\db\models\sql\compiler.py", line 1562, in execute_sql
    cursor.execute(sql, params)
  File "C:\Users\benic\Documents\NetBeansProjects\HTML\hrpro\backend\venv\Lib\site-packages\django\db\backends\utils.py", line 102, in execute
    return super().execute(sql, params)
           ^^^^^^^^^^^^^^^^^^^^^^^^^^^^
  File "C:\Users\benic\Documents\NetBeansProjects\HTML\hrpro\backend\venv\Lib\site-packages\django\db\backends\utils.py", line 67, in execute
    return self._execute_with_wrappers(
           ^^^^^^^^^^^^^^^^^^^^^^^^^^^^
  File "C:\Users\benic\Documents\NetBeansProjects\HTML\hrpro\backend\venv\Lib\site-packages\django\db\backends\utils.py", line 80, in _execute_with_wrappers
    return executor(sql, params, many, context)
           ^^^^^^^^^^^^^^^^^^^^^^^^^^^^^^^^^^^^
  File "C:\Users\benic\Documents\NetBeansProjects\HTML\hrpro\backend\venv\Lib\site-packages\django\db\backends\utils.py", line 84, in _execute
    with self.db.wrap_database_errors:
  File "C:\Users\benic\Documents\NetBeansProjects\HTML\hrpro\backend\venv\Lib\site-packages\django\db\utils.py", line 91, in __exit__
    raise dj_exc_value.with_traceback(traceback) from exc_value
  File "C:\Users\benic\Documents\NetBeansProjects\HTML\hrpro\backend\venv\Lib\site-packages\django\db\backends\utils.py", line 89, in _execute
    return self.cursor.execute(sql, params)
           ^^^^^^^^^^^^^^^^^^^^^^^^^^^^^^^^
django.db.utils.ProgrammingError: column departments_position.basic_salary does not exist
LINE 1: ...."department_id", "departments_position"."grade", "departmen...
                                                             ^

"GET /api/employees/?employment_status=ACTIVE&page_size=200 HTTP/1.1" 500 193674
Internal Server Error: /api/employees/
Traceback (most recent call last):
  File "C:\Users\benic\Documents\NetBeansProjects\HTML\hrpro\backend\venv\Lib\site-packages\django\db\backends\utils.py", line 89, in _execute
    return self.cursor.execute(sql, params)
           ^^^^^^^^^^^^^^^^^^^^^^^^^^^^^^^^
psycopg2.errors.UndefinedColumn: column departments_position.basic_salary does not exist
LINE 1: ...."department_id", "departments_position"."grade", "departmen...
                                                             ^


The above exception was the direct cause of the following exception:

Traceback (most recent call last):
  File "C:\Users\benic\Documents\NetBeansProjects\HTML\hrpro\backend\venv\Lib\site-packages\django\core\handlers\exception.py", line 55, in inner
    response = get_response(request)
               ^^^^^^^^^^^^^^^^^^^^^
  File "C:\Users\benic\Documents\NetBeansProjects\HTML\hrpro\backend\venv\Lib\site-packages\django\core\handlers\base.py", line 197, in _get_response
    response = wrapped_callback(request, *callback_args, **callback_kwargs)
               ^^^^^^^^^^^^^^^^^^^^^^^^^^^^^^^^^^^^^^^^^^^^^^^^^^^^^^^^^^^^
  File "C:\Users\benic\Documents\NetBeansProjects\HTML\hrpro\backend\venv\Lib\site-packages\django\views\decorators\csrf.py", line 56, in wrapper_view
    return view_func(*args, **kwargs)
           ^^^^^^^^^^^^^^^^^^^^^^^^^^
  File "C:\Users\benic\Documents\NetBeansProjects\HTML\hrpro\backend\venv\Lib\site-packages\django\views\generic\base.py", line 104, in view
    return self.dispatch(request, *args, **kwargs)
           ^^^^^^^^^^^^^^^^^^^^^^^^^^^^^^^^^^^^^^^
  File "C:\Users\benic\Documents\NetBeansProjects\HTML\hrpro\backend\venv\Lib\site-packages\rest_framework\views.py", line 509, in dispatch
    response = self.handle_exception(exc)
               ^^^^^^^^^^^^^^^^^^^^^^^^^^
  File "C:\Users\benic\Documents\NetBeansProjects\HTML\hrpro\backend\venv\Lib\site-packages\rest_framework\views.py", line 469, in handle_exception
    self.raise_uncaught_exception(exc)
  File "C:\Users\benic\Documents\NetBeansProjects\HTML\hrpro\backend\venv\Lib\site-packages\rest_framework\views.py", line 480, in raise_uncaught_exception
    raise exc
  File "C:\Users\benic\Documents\NetBeansProjects\HTML\hrpro\backend\venv\Lib\site-packages\rest_framework\views.py", line 506, in dispatch
    response = handler(request, *args, **kwargs)
               ^^^^^^^^^^^^^^^^^^^^^^^^^^^^^^^^^
  File "C:\Users\benic\Documents\NetBeansProjects\HTML\hrpro\backend\venv\Lib\site-packages\rest_framework\generics.py", line 243, in get
    return self.list(request, *args, **kwargs)
           ^^^^^^^^^^^^^^^^^^^^^^^^^^^^^^^^^^^
  File "C:\Users\benic\Documents\NetBeansProjects\HTML\hrpro\backend\venv\Lib\site-packages\rest_framework\mixins.py", line 40, in list
    page = self.paginate_queryset(queryset)
           ^^^^^^^^^^^^^^^^^^^^^^^^^^^^^^^^
  File "C:\Users\benic\Documents\NetBeansProjects\HTML\hrpro\backend\venv\Lib\site-packages\rest_framework\generics.py", line 175, in paginate_queryset
    return self.paginator.paginate_queryset(queryset, self.request, view=self)
           ^^^^^^^^^^^^^^^^^^^^^^^^^^^^^^^^^^^^^^^^^^^^^^^^^^^^^^^^^^^^^^^^^^^
  File "C:\Users\benic\Documents\NetBeansProjects\HTML\hrpro\backend\venv\Lib\site-packages\rest_framework\pagination.py", line 223, in paginate_queryset
    return list(self.page)
           ^^^^^^^^^^^^^^^
  File "C:\Users\benic\Documents\NetBeansProjects\HTML\hrpro\backend\venv\Lib\site-packages\django\core\paginator.py", line 174, in __len__
    return len(self.object_list)
           ^^^^^^^^^^^^^^^^^^^^^
  File "C:\Users\benic\Documents\NetBeansProjects\HTML\hrpro\backend\venv\Lib\site-packages\django\db\models\query.py", line 380, in __len__
    self._fetch_all()
  File "C:\Users\benic\Documents\NetBeansProjects\HTML\hrpro\backend\venv\Lib\site-packages\django\db\models\query.py", line 1881, in _fetch_all
    self._result_cache = list(self._iterable_class(self))
                         ^^^^^^^^^^^^^^^^^^^^^^^^^^^^^^^^
  File "C:\Users\benic\Documents\NetBeansProjects\HTML\hrpro\backend\venv\Lib\site-packages\django\db\models\query.py", line 91, in __iter__
    results = compiler.execute_sql(
              ^^^^^^^^^^^^^^^^^^^^^
  File "C:\Users\benic\Documents\NetBeansProjects\HTML\hrpro\backend\venv\Lib\site-packages\django\db\models\sql\compiler.py", line 1562, in execute_sql
    cursor.execute(sql, params)
  File "C:\Users\benic\Documents\NetBeansProjects\HTML\hrpro\backend\venv\Lib\site-packages\django\db\backends\utils.py", line 102, in execute
    return super().execute(sql, params)
           ^^^^^^^^^^^^^^^^^^^^^^^^^^^^
  File "C:\Users\benic\Documents\NetBeansProjects\HTML\hrpro\backend\venv\Lib\site-packages\django\db\backends\utils.py", line 67, in execute
    return self._execute_with_wrappers(
           ^^^^^^^^^^^^^^^^^^^^^^^^^^^^
  File "C:\Users\benic\Documents\NetBeansProjects\HTML\hrpro\backend\venv\Lib\site-packages\django\db\backends\utils.py", line 80, in _execute_with_wrappers
    return executor(sql, params, many, context)
           ^^^^^^^^^^^^^^^^^^^^^^^^^^^^^^^^^^^^
  File "C:\Users\benic\Documents\NetBeansProjects\HTML\hrpro\backend\venv\Lib\site-packages\django\db\backends\utils.py", line 84, in _execute
    with self.db.wrap_database_errors:
  File "C:\Users\benic\Documents\NetBeansProjects\HTML\hrpro\backend\venv\Lib\site-packages\django\db\utils.py", line 91, in __exit__
    raise dj_exc_value.with_traceback(traceback) from exc_value
  File "C:\Users\benic\Documents\NetBeansProjects\HTML\hrpro\backend\venv\Lib\site-packages\django\db\backends\utils.py", line 89, in _execute
    return self.cursor.execute(sql, params)
           ^^^^^^^^^^^^^^^^^^^^^^^^^^^^^^^^
django.db.utils.ProgrammingError: column departments_position.basic_salary does not exist
LINE 1: ...."department_id", "departments_position"."grade", "departmen...
                                                             ^

"GET /api/employees/?employment_status=ACTIVE&page_size=200 HTTP/1.1" 500 193674
Internal Server Error: /api/departments/
Traceback (most recent call last):
  File "C:\Users\benic\Documents\NetBeansProjects\HTML\hrpro\backend\venv\Lib\site-packages\django\db\backends\utils.py", line 89, in _execute
    return self.cursor.execute(sql, params)
           ^^^^^^^^^^^^^^^^^^^^^^^^^^^^^^^^
psycopg2.errors.UndefinedColumn: column departments_position.basic_salary does not exist
LINE 1: ...."department_id", "departments_position"."grade", "departmen...
                                                             ^


The above exception was the direct cause of the following exception:

Traceback (most recent call last):
  File "C:\Users\benic\Documents\NetBeansProjects\HTML\hrpro\backend\venv\Lib\site-packages\django\core\handlers\exception.py", line 55, in inner
    response = get_response(request)
               ^^^^^^^^^^^^^^^^^^^^^
  File "C:\Users\benic\Documents\NetBeansProjects\HTML\hrpro\backend\venv\Lib\site-packages\django\core\handlers\base.py", line 197, in _get_response
    response = wrapped_callback(request, *callback_args, **callback_kwargs)
               ^^^^^^^^^^^^^^^^^^^^^^^^^^^^^^^^^^^^^^^^^^^^^^^^^^^^^^^^^^^^
  File "C:\Users\benic\Documents\NetBeansProjects\HTML\hrpro\backend\venv\Lib\site-packages\django\views\decorators\csrf.py", line 56, in wrapper_view
    return view_func(*args, **kwargs)
           ^^^^^^^^^^^^^^^^^^^^^^^^^^
  File "C:\Users\benic\Documents\NetBeansProjects\HTML\hrpro\backend\venv\Lib\site-packages\django\views\generic\base.py", line 104, in view
    return self.dispatch(request, *args, **kwargs)
           ^^^^^^^^^^^^^^^^^^^^^^^^^^^^^^^^^^^^^^^
  File "C:\Users\benic\Documents\NetBeansProjects\HTML\hrpro\backend\venv\Lib\site-packages\rest_framework\views.py", line 509, in dispatch
    response = self.handle_exception(exc)
               ^^^^^^^^^^^^^^^^^^^^^^^^^^
  File "C:\Users\benic\Documents\NetBeansProjects\HTML\hrpro\backend\venv\Lib\site-packages\rest_framework\views.py", line 469, in handle_exception
    self.raise_uncaught_exception(exc)
  File "C:\Users\benic\Documents\NetBeansProjects\HTML\hrpro\backend\venv\Lib\site-packages\rest_framework\views.py", line 480, in raise_uncaught_exception
    raise exc
  File "C:\Users\benic\Documents\NetBeansProjects\HTML\hrpro\backend\venv\Lib\site-packages\rest_framework\views.py", line 506, in dispatch
    response = handler(request, *args, **kwargs)
               ^^^^^^^^^^^^^^^^^^^^^^^^^^^^^^^^^
  File "C:\Users\benic\Documents\NetBeansProjects\HTML\hrpro\backend\venv\Lib\site-packages\rest_framework\generics.py", line 243, in get
    return self.list(request, *args, **kwargs)
           ^^^^^^^^^^^^^^^^^^^^^^^^^^^^^^^^^^^
  File "C:\Users\benic\Documents\NetBeansProjects\HTML\hrpro\backend\venv\Lib\site-packages\rest_framework\mixins.py", line 43, in list
    return self.get_paginated_response(serializer.data)
                                       ^^^^^^^^^^^^^^^
  File "C:\Users\benic\Documents\NetBeansProjects\HTML\hrpro\backend\venv\Lib\site-packages\rest_framework\serializers.py", line 795, in data
    ret = super().data
          ^^^^^^^^^^^^
  File "C:\Users\benic\Documents\NetBeansProjects\HTML\hrpro\backend\venv\Lib\site-packages\rest_framework\serializers.py", line 249, in data
    self._data = self.to_representation(self.instance)
                 ^^^^^^^^^^^^^^^^^^^^^^^^^^^^^^^^^^^^^
  File "C:\Users\benic\Documents\NetBeansProjects\HTML\hrpro\backend\venv\Lib\site-packages\rest_framework\serializers.py", line 713, in to_representation
    return [
           ^
  File "C:\Users\benic\Documents\NetBeansProjects\HTML\hrpro\backend\venv\Lib\site-packages\rest_framework\serializers.py", line 714, in <listcomp>
    self.child.to_representation(item) for item in iterable
    ^^^^^^^^^^^^^^^^^^^^^^^^^^^^^^^^^^
  File "C:\Users\benic\Documents\NetBeansProjects\HTML\hrpro\backend\venv\Lib\site-packages\rest_framework\serializers.py", line 538, in to_representation
    ret[field.field_name] = field.to_representation(attribute)
                            ^^^^^^^^^^^^^^^^^^^^^^^^^^^^^^^^^^
  File "C:\Users\benic\Documents\NetBeansProjects\HTML\hrpro\backend\venv\Lib\site-packages\rest_framework\serializers.py", line 713, in to_representation
    return [
           ^
  File "C:\Users\benic\Documents\NetBeansProjects\HTML\hrpro\backend\venv\Lib\site-packages\django\db\models\query.py", line 398, in __iter__
    self._fetch_all()
  File "C:\Users\benic\Documents\NetBeansProjects\HTML\hrpro\backend\venv\Lib\site-packages\django\db\models\query.py", line 1881, in _fetch_all
    self._result_cache = list(self._iterable_class(self))
                         ^^^^^^^^^^^^^^^^^^^^^^^^^^^^^^^^
  File "C:\Users\benic\Documents\NetBeansProjects\HTML\hrpro\backend\venv\Lib\site-packages\django\db\models\query.py", line 91, in __iter__
    results = compiler.execute_sql(
              ^^^^^^^^^^^^^^^^^^^^^
  File "C:\Users\benic\Documents\NetBeansProjects\HTML\hrpro\backend\venv\Lib\site-packages\django\db\models\sql\compiler.py", line 1562, in execute_sql
    cursor.execute(sql, params)
  File "C:\Users\benic\Documents\NetBeansProjects\HTML\hrpro\backend\venv\Lib\site-packages\django\db\backends\utils.py", line 102, in execute
    return super().execute(sql, params)
           ^^^^^^^^^^^^^^^^^^^^^^^^^^^^
  File "C:\Users\benic\Documents\NetBeansProjects\HTML\hrpro\backend\venv\Lib\site-packages\django\db\backends\utils.py", line 67, in execute
    return self._execute_with_wrappers(
           ^^^^^^^^^^^^^^^^^^^^^^^^^^^^
  File "C:\Users\benic\Documents\NetBeansProjects\HTML\hrpro\backend\venv\Lib\site-packages\django\db\backends\utils.py", line 80, in _execute_with_wrappers
    return executor(sql, params, many, context)
           ^^^^^^^^^^^^^^^^^^^^^^^^^^^^^^^^^^^^
  File "C:\Users\benic\Documents\NetBeansProjects\HTML\hrpro\backend\venv\Lib\site-packages\django\db\backends\utils.py", line 84, in _execute
    with self.db.wrap_database_errors:
  File "C:\Users\benic\Documents\NetBeansProjects\HTML\hrpro\backend\venv\Lib\site-packages\django\db\utils.py", line 91, in __exit__
    raise dj_exc_value.with_traceback(traceback) from exc_value
  File "C:\Users\benic\Documents\NetBeansProjects\HTML\hrpro\backend\venv\Lib\site-packages\django\db\backends\utils.py", line 89, in _execute
    return self.cursor.execute(sql, params)
           ^^^^^^^^^^^^^^^^^^^^^^^^^^^^^^^^
django.db.utils.ProgrammingError: column departments_position.basic_salary does not exist
LINE 1: ...."department_id", "departments_position"."grade", "departmen...
                                                             ^

Internal Server Error: /api/departments/positions/
Traceback (most recent call last):
  File "C:\Users\benic\Documents\NetBeansProjects\HTML\hrpro\backend\venv\Lib\site-packages\django\db\backends\utils.py", line 89, in _execute
    return self.cursor.execute(sql, params)
           ^^^^^^^^^^^^^^^^^^^^^^^^^^^^^^^^
psycopg2.errors.UndefinedColumn: column departments_position.basic_salary does not exist
LINE 1: ...."department_id", "departments_position"."grade", "departmen...
                                                             ^


The above exception was the direct cause of the following exception:

Traceback (most recent call last):
  File "C:\Users\benic\Documents\NetBeansProjects\HTML\hrpro\backend\venv\Lib\site-packages\django\core\handlers\exception.py", line 55, in inner
    response = get_response(request)
               ^^^^^^^^^^^^^^^^^^^^^
  File "C:\Users\benic\Documents\NetBeansProjects\HTML\hrpro\backend\venv\Lib\site-packages\django\core\handlers\base.py", line 197, in _get_response
    response = wrapped_callback(request, *callback_args, **callback_kwargs)
               ^^^^^^^^^^^^^^^^^^^^^^^^^^^^^^^^^^^^^^^^^^^^^^^^^^^^^^^^^^^^
  File "C:\Users\benic\Documents\NetBeansProjects\HTML\hrpro\backend\venv\Lib\site-packages\django\views\decorators\csrf.py", line 56, in wrapper_view
    return view_func(*args, **kwargs)
           ^^^^^^^^^^^^^^^^^^^^^^^^^^
  File "C:\Users\benic\Documents\NetBeansProjects\HTML\hrpro\backend\venv\Lib\site-packages\django\views\generic\base.py", line 104, in view
    return self.dispatch(request, *args, **kwargs)
           ^^^^^^^^^^^^^^^^^^^^^^^^^^^^^^^^^^^^^^^
  File "C:\Users\benic\Documents\NetBeansProjects\HTML\hrpro\backend\venv\Lib\site-packages\rest_framework\views.py", line 509, in dispatch
    response = self.handle_exception(exc)
               ^^^^^^^^^^^^^^^^^^^^^^^^^^
  File "C:\Users\benic\Documents\NetBeansProjects\HTML\hrpro\backend\venv\Lib\site-packages\rest_framework\views.py", line 469, in handle_exception
    self.raise_uncaught_exception(exc)
  File "C:\Users\benic\Documents\NetBeansProjects\HTML\hrpro\backend\venv\Lib\site-packages\rest_framework\views.py", line 480, in raise_uncaught_exception
    raise exc
  File "C:\Users\benic\Documents\NetBeansProjects\HTML\hrpro\backend\venv\Lib\site-packages\rest_framework\views.py", line 506, in dispatch
    response = handler(request, *args, **kwargs)
               ^^^^^^^^^^^^^^^^^^^^^^^^^^^^^^^^^
  File "C:\Users\benic\Documents\NetBeansProjects\HTML\hrpro\backend\venv\Lib\site-packages\rest_framework\generics.py", line 243, in get
    return self.list(request, *args, **kwargs)
           ^^^^^^^^^^^^^^^^^^^^^^^^^^^^^^^^^^^
  File "C:\Users\benic\Documents\NetBeansProjects\HTML\hrpro\backend\venv\Lib\site-packages\rest_framework\mixins.py", line 40, in list
    page = self.paginate_queryset(queryset)
           ^^^^^^^^^^^^^^^^^^^^^^^^^^^^^^^^
  File "C:\Users\benic\Documents\NetBeansProjects\HTML\hrpro\backend\venv\Lib\site-packages\rest_framework\generics.py", line 175, in paginate_queryset
    return self.paginator.paginate_queryset(queryset, self.request, view=self)
           ^^^^^^^^^^^^^^^^^^^^^^^^^^^^^^^^^^^^^^^^^^^^^^^^^^^^^^^^^^^^^^^^^^^
  File "C:\Users\benic\Documents\NetBeansProjects\HTML\hrpro\backend\venv\Lib\site-packages\rest_framework\pagination.py", line 223, in paginate_queryset
    return list(self.page)
           ^^^^^^^^^^^^^^^
  File "C:\Users\benic\Documents\NetBeansProjects\HTML\hrpro\backend\venv\Lib\site-packages\django\core\paginator.py", line 174, in __len__
    return len(self.object_list)
           ^^^^^^^^^^^^^^^^^^^^^
  File "C:\Users\benic\Documents\NetBeansProjects\HTML\hrpro\backend\venv\Lib\site-packages\django\db\models\query.py", line 380, in __len__
    self._fetch_all()
  File "C:\Users\benic\Documents\NetBeansProjects\HTML\hrpro\backend\venv\Lib\site-packages\django\db\models\query.py", line 1881, in _fetch_all
    self._result_cache = list(self._iterable_class(self))
                         ^^^^^^^^^^^^^^^^^^^^^^^^^^^^^^^^
  File "C:\Users\benic\Documents\NetBeansProjects\HTML\hrpro\backend\venv\Lib\site-packages\django\db\models\query.py", line 91, in __iter__
    results = compiler.execute_sql(
              ^^^^^^^^^^^^^^^^^^^^^
  File "C:\Users\benic\Documents\NetBeansProjects\HTML\hrpro\backend\venv\Lib\site-packages\django\db\models\sql\compiler.py", line 1562, in execute_sql
    cursor.execute(sql, params)
  File "C:\Users\benic\Documents\NetBeansProjects\HTML\hrpro\backend\venv\Lib\site-packages\django\db\backends\utils.py", line 102, in execute
    return super().execute(sql, params)
           ^^^^^^^^^^^^^^^^^^^^^^^^^^^^
  File "C:\Users\benic\Documents\NetBeansProjects\HTML\hrpro\backend\venv\Lib\site-packages\django\db\backends\utils.py", line 67, in execute
    return self._execute_with_wrappers(
           ^^^^^^^^^^^^^^^^^^^^^^^^^^^^
  File "C:\Users\benic\Documents\NetBeansProjects\HTML\hrpro\backend\venv\Lib\site-packages\django\db\backends\utils.py", line 80, in _execute_with_wrappers
    return executor(sql, params, many, context)
           ^^^^^^^^^^^^^^^^^^^^^^^^^^^^^^^^^^^^
  File "C:\Users\benic\Documents\NetBeansProjects\HTML\hrpro\backend\venv\Lib\site-packages\django\db\backends\utils.py", line 84, in _execute
    with self.db.wrap_database_errors:
  File "C:\Users\benic\Documents\NetBeansProjects\HTML\hrpro\backend\venv\Lib\site-packages\django\db\utils.py", line 91, in __exit__
    raise dj_exc_value.with_traceback(traceback) from exc_value
  File "C:\Users\benic\Documents\NetBeansProjects\HTML\hrpro\backend\venv\Lib\site-packages\django\db\backends\utils.py", line 89, in _execute
    return self.cursor.execute(sql, params)
           ^^^^^^^^^^^^^^^^^^^^^^^^^^^^^^^^
django.db.utils.ProgrammingError: column departments_position.basic_salary does not exist
LINE 1: ...."department_id", "departments_position"."grade", "departmen...
                                                             ^

"GET /api/departments/?page_size=100 HTTP/1.1" 500 202726
"GET /api/departments/positions/?page_size=200 HTTP/1.1" 500 178816
Internal Server Error: /api/departments/positions/
Traceback (most recent call last):
  File "C:\Users\benic\Documents\NetBeansProjects\HTML\hrpro\backend\venv\Lib\site-packages\django\db\backends\utils.py", line 89, in _execute
    return self.cursor.execute(sql, params)
           ^^^^^^^^^^^^^^^^^^^^^^^^^^^^^^^^
psycopg2.errors.UndefinedColumn: column departments_position.basic_salary does not exist
LINE 1: ...."department_id", "departments_position"."grade", "departmen...
                                                             ^


The above exception was the direct cause of the following exception:

Traceback (most recent call last):
  File "C:\Users\benic\Documents\NetBeansProjects\HTML\hrpro\backend\venv\Lib\site-packages\django\core\handlers\exception.py", line 55, in inner
    response = get_response(request)
               ^^^^^^^^^^^^^^^^^^^^^
  File "C:\Users\benic\Documents\NetBeansProjects\HTML\hrpro\backend\venv\Lib\site-packages\django\core\handlers\base.py", line 197, in _get_response
    response = wrapped_callback(request, *callback_args, **callback_kwargs)
               ^^^^^^^^^^^^^^^^^^^^^^^^^^^^^^^^^^^^^^^^^^^^^^^^^^^^^^^^^^^^
  File "C:\Users\benic\Documents\NetBeansProjects\HTML\hrpro\backend\venv\Lib\site-packages\django\views\decorators\csrf.py", line 56, in wrapper_view
    return view_func(*args, **kwargs)
           ^^^^^^^^^^^^^^^^^^^^^^^^^^
  File "C:\Users\benic\Documents\NetBeansProjects\HTML\hrpro\backend\venv\Lib\site-packages\django\views\generic\base.py", line 104, in view
    return self.dispatch(request, *args, **kwargs)
           ^^^^^^^^^^^^^^^^^^^^^^^^^^^^^^^^^^^^^^^
  File "C:\Users\benic\Documents\NetBeansProjects\HTML\hrpro\backend\venv\Lib\site-packages\rest_framework\views.py", line 509, in dispatch
    response = self.handle_exception(exc)
               ^^^^^^^^^^^^^^^^^^^^^^^^^^
  File "C:\Users\benic\Documents\NetBeansProjects\HTML\hrpro\backend\venv\Lib\site-packages\rest_framework\views.py", line 469, in handle_exception
    self.raise_uncaught_exception(exc)
  File "C:\Users\benic\Documents\NetBeansProjects\HTML\hrpro\backend\venv\Lib\site-packages\rest_framework\views.py", line 480, in raise_uncaught_exception
    raise exc
  File "C:\Users\benic\Documents\NetBeansProjects\HTML\hrpro\backend\venv\Lib\site-packages\rest_framework\views.py", line 506, in dispatch
    response = handler(request, *args, **kwargs)
               ^^^^^^^^^^^^^^^^^^^^^^^^^^^^^^^^^
  File "C:\Users\benic\Documents\NetBeansProjects\HTML\hrpro\backend\venv\Lib\site-packages\rest_framework\generics.py", line 243, in get
    return self.list(request, *args, **kwargs)
           ^^^^^^^^^^^^^^^^^^^^^^^^^^^^^^^^^^^
  File "C:\Users\benic\Documents\NetBeansProjects\HTML\hrpro\backend\venv\Lib\site-packages\rest_framework\mixins.py", line 40, in list
    page = self.paginate_queryset(queryset)
           ^^^^^^^^^^^^^^^^^^^^^^^^^^^^^^^^
  File "C:\Users\benic\Documents\NetBeansProjects\HTML\hrpro\backend\venv\Lib\site-packages\rest_framework\generics.py", line 175, in paginate_queryset
    return self.paginator.paginate_queryset(queryset, self.request, view=self)
           ^^^^^^^^^^^^^^^^^^^^^^^^^^^^^^^^^^^^^^^^^^^^^^^^^^^^^^^^^^^^^^^^^^^
  File "C:\Users\benic\Documents\NetBeansProjects\HTML\hrpro\backend\venv\Lib\site-packages\rest_framework\pagination.py", line 223, in paginate_queryset
    return list(self.page)
           ^^^^^^^^^^^^^^^
  File "C:\Users\benic\Documents\NetBeansProjects\HTML\hrpro\backend\venv\Lib\site-packages\django\core\paginator.py", line 174, in __len__
    return len(self.object_list)
           ^^^^^^^^^^^^^^^^^^^^^
  File "C:\Users\benic\Documents\NetBeansProjects\HTML\hrpro\backend\venv\Lib\site-packages\django\db\models\query.py", line 380, in __len__
    self._fetch_all()
  File "C:\Users\benic\Documents\NetBeansProjects\HTML\hrpro\backend\venv\Lib\site-packages\django\db\models\query.py", line 1881, in _fetch_all
    self._result_cache = list(self._iterable_class(self))
                         ^^^^^^^^^^^^^^^^^^^^^^^^^^^^^^^^
  File "C:\Users\benic\Documents\NetBeansProjects\HTML\hrpro\backend\venv\Lib\site-packages\django\db\models\query.py", line 91, in __iter__
    results = compiler.execute_sql(
              ^^^^^^^^^^^^^^^^^^^^^
  File "C:\Users\benic\Documents\NetBeansProjects\HTML\hrpro\backend\venv\Lib\site-packages\django\db\models\sql\compiler.py", line 1562, in execute_sql
    cursor.execute(sql, params)
  File "C:\Users\benic\Documents\NetBeansProjects\HTML\hrpro\backend\venv\Lib\site-packages\django\db\backends\utils.py", line 102, in execute
    return super().execute(sql, params)
           ^^^^^^^^^^^^^^^^^^^^^^^^^^^^
  File "C:\Users\benic\Documents\NetBeansProjects\HTML\hrpro\backend\venv\Lib\site-packages\django\db\backends\utils.py", line 67, in execute
    return self._execute_with_wrappers(
           ^^^^^^^^^^^^^^^^^^^^^^^^^^^^
  File "C:\Users\benic\Documents\NetBeansProjects\HTML\hrpro\backend\venv\Lib\site-packages\django\db\backends\utils.py", line 80, in _execute_with_wrappers
    return executor(sql, params, many, context)
           ^^^^^^^^^^^^^^^^^^^^^^^^^^^^^^^^^^^^
  File "C:\Users\benic\Documents\NetBeansProjects\HTML\hrpro\backend\venv\Lib\site-packages\django\db\backends\utils.py", line 84, in _execute
    with self.db.wrap_database_errors:
  File "C:\Users\benic\Documents\NetBeansProjects\HTML\hrpro\backend\venv\Lib\site-packages\django\db\utils.py", line 91, in __exit__
    raise dj_exc_value.with_traceback(traceback) from exc_value
  File "C:\Users\benic\Documents\NetBeansProjects\HTML\hrpro\backend\venv\Lib\site-packages\django\db\backends\utils.py", line 89, in _execute
    return self.cursor.execute(sql, params)
           ^^^^^^^^^^^^^^^^^^^^^^^^^^^^^^^^
django.db.utils.ProgrammingError: column departments_position.basic_salary does not exist
LINE 1: ...."department_id", "departments_position"."grade", "departmen...
                                                             ^

"GET /api/departments/positions/?page_size=200 HTTP/1.1" 500 178816
Internal Server Error: /api/departments/
Traceback (most recent call last):
  File "C:\Users\benic\Documents\NetBeansProjects\HTML\hrpro\backend\venv\Lib\site-packages\django\db\backends\utils.py", line 89, in _execute
    return self.cursor.execute(sql, params)
           ^^^^^^^^^^^^^^^^^^^^^^^^^^^^^^^^
psycopg2.errors.UndefinedColumn: column departments_position.basic_salary does not exist
LINE 1: ...."department_id", "departments_position"."grade", "departmen...
                                                             ^


The above exception was the direct cause of the following exception:

Traceback (most recent call last):
  File "C:\Users\benic\Documents\NetBeansProjects\HTML\hrpro\backend\venv\Lib\site-packages\django\core\handlers\exception.py", line 55, in inner
    response = get_response(request)
               ^^^^^^^^^^^^^^^^^^^^^
  File "C:\Users\benic\Documents\NetBeansProjects\HTML\hrpro\backend\venv\Lib\site-packages\django\core\handlers\base.py", line 197, in _get_response
    response = wrapped_callback(request, *callback_args, **callback_kwargs)
               ^^^^^^^^^^^^^^^^^^^^^^^^^^^^^^^^^^^^^^^^^^^^^^^^^^^^^^^^^^^^
  File "C:\Users\benic\Documents\NetBeansProjects\HTML\hrpro\backend\venv\Lib\site-packages\django\views\decorators\csrf.py", line 56, in wrapper_view
    return view_func(*args, **kwargs)
           ^^^^^^^^^^^^^^^^^^^^^^^^^^
  File "C:\Users\benic\Documents\NetBeansProjects\HTML\hrpro\backend\venv\Lib\site-packages\django\views\generic\base.py", line 104, in view
    return self.dispatch(request, *args, **kwargs)
           ^^^^^^^^^^^^^^^^^^^^^^^^^^^^^^^^^^^^^^^
  File "C:\Users\benic\Documents\NetBeansProjects\HTML\hrpro\backend\venv\Lib\site-packages\rest_framework\views.py", line 509, in dispatch
    response = self.handle_exception(exc)
               ^^^^^^^^^^^^^^^^^^^^^^^^^^
  File "C:\Users\benic\Documents\NetBeansProjects\HTML\hrpro\backend\venv\Lib\site-packages\rest_framework\views.py", line 469, in handle_exception
    self.raise_uncaught_exception(exc)
  File "C:\Users\benic\Documents\NetBeansProjects\HTML\hrpro\backend\venv\Lib\site-packages\rest_framework\views.py", line 480, in raise_uncaught_exception
    raise exc
  File "C:\Users\benic\Documents\NetBeansProjects\HTML\hrpro\backend\venv\Lib\site-packages\rest_framework\views.py", line 506, in dispatch
    response = handler(request, *args, **kwargs)
               ^^^^^^^^^^^^^^^^^^^^^^^^^^^^^^^^^
  File "C:\Users\benic\Documents\NetBeansProjects\HTML\hrpro\backend\venv\Lib\site-packages\rest_framework\generics.py", line 243, in get
    return self.list(request, *args, **kwargs)
           ^^^^^^^^^^^^^^^^^^^^^^^^^^^^^^^^^^^
  File "C:\Users\benic\Documents\NetBeansProjects\HTML\hrpro\backend\venv\Lib\site-packages\rest_framework\mixins.py", line 43, in list
    return self.get_paginated_response(serializer.data)
                                       ^^^^^^^^^^^^^^^
  File "C:\Users\benic\Documents\NetBeansProjects\HTML\hrpro\backend\venv\Lib\site-packages\rest_framework\serializers.py", line 795, in data
    ret = super().data
          ^^^^^^^^^^^^
  File "C:\Users\benic\Documents\NetBeansProjects\HTML\hrpro\backend\venv\Lib\site-packages\rest_framework\serializers.py", line 249, in data
    self._data = self.to_representation(self.instance)
                 ^^^^^^^^^^^^^^^^^^^^^^^^^^^^^^^^^^^^^
  File "C:\Users\benic\Documents\NetBeansProjects\HTML\hrpro\backend\venv\Lib\site-packages\rest_framework\serializers.py", line 713, in to_representation
    return [
           ^
  File "C:\Users\benic\Documents\NetBeansProjects\HTML\hrpro\backend\venv\Lib\site-packages\rest_framework\serializers.py", line 714, in <listcomp>
    self.child.to_representation(item) for item in iterable
    ^^^^^^^^^^^^^^^^^^^^^^^^^^^^^^^^^^
  File "C:\Users\benic\Documents\NetBeansProjects\HTML\hrpro\backend\venv\Lib\site-packages\rest_framework\serializers.py", line 538, in to_representation
    ret[field.field_name] = field.to_representation(attribute)
                            ^^^^^^^^^^^^^^^^^^^^^^^^^^^^^^^^^^
  File "C:\Users\benic\Documents\NetBeansProjects\HTML\hrpro\backend\venv\Lib\site-packages\rest_framework\serializers.py", line 713, in to_representation
    return [
           ^
  File "C:\Users\benic\Documents\NetBeansProjects\HTML\hrpro\backend\venv\Lib\site-packages\django\db\models\query.py", line 398, in __iter__
    self._fetch_all()
  File "C:\Users\benic\Documents\NetBeansProjects\HTML\hrpro\backend\venv\Lib\site-packages\django\db\models\query.py", line 1881, in _fetch_all
    self._result_cache = list(self._iterable_class(self))
                         ^^^^^^^^^^^^^^^^^^^^^^^^^^^^^^^^
  File "C:\Users\benic\Documents\NetBeansProjects\HTML\hrpro\backend\venv\Lib\site-packages\django\db\models\query.py", line 91, in __iter__
    results = compiler.execute_sql(
              ^^^^^^^^^^^^^^^^^^^^^
  File "C:\Users\benic\Documents\NetBeansProjects\HTML\hrpro\backend\venv\Lib\site-packages\django\db\models\sql\compiler.py", line 1562, in execute_sql
    cursor.execute(sql, params)
  File "C:\Users\benic\Documents\NetBeansProjects\HTML\hrpro\backend\venv\Lib\site-packages\django\db\backends\utils.py", line 102, in execute
    return super().execute(sql, params)
           ^^^^^^^^^^^^^^^^^^^^^^^^^^^^
  File "C:\Users\benic\Documents\NetBeansProjects\HTML\hrpro\backend\venv\Lib\site-packages\django\db\backends\utils.py", line 67, in execute
    return self._execute_with_wrappers(
           ^^^^^^^^^^^^^^^^^^^^^^^^^^^^
  File "C:\Users\benic\Documents\NetBeansProjects\HTML\hrpro\backend\venv\Lib\site-packages\django\db\backends\utils.py", line 80, in _execute_with_wrappers
    return executor(sql, params, many, context)
           ^^^^^^^^^^^^^^^^^^^^^^^^^^^^^^^^^^^^
  File "C:\Users\benic\Documents\NetBeansProjects\HTML\hrpro\backend\venv\Lib\site-packages\django\db\backends\utils.py", line 84, in _execute
    with self.db.wrap_database_errors:
  File "C:\Users\benic\Documents\NetBeansProjects\HTML\hrpro\backend\venv\Lib\site-packages\django\db\utils.py", line 91, in __exit__
    raise dj_exc_value.with_traceback(traceback) from exc_value
  File "C:\Users\benic\Documents\NetBeansProjects\HTML\hrpro\backend\venv\Lib\site-packages\django\db\backends\utils.py", line 89, in _execute
    return self.cursor.execute(sql, params)
           ^^^^^^^^^^^^^^^^^^^^^^^^^^^^^^^^
django.db.utils.ProgrammingError: column departments_position.basic_salary does not exist
LINE 1: ...."department_id", "departments_position"."grade", "departmen...
                                                             ^

"GET /api/departments/?page_size=100 HTTP/1.1" 500 202726
"GET /api/departments/?simple=true&page_size=100 HTTP/1.1" 200 183
Internal Server Error: /api/employees/
Traceback (most recent call last):
  File "C:\Users\benic\Documents\NetBeansProjects\HTML\hrpro\backend\venv\Lib\site-packages\django\db\backends\utils.py", line 89, in _execute
    return self.cursor.execute(sql, params)
           ^^^^^^^^^^^^^^^^^^^^^^^^^^^^^^^^
psycopg2.errors.UndefinedColumn: column departments_position.basic_salary does not exist
LINE 1: ...."department_id", "departments_position"."grade", "departmen...
                                                             ^


The above exception was the direct cause of the following exception:

Traceback (most recent call last):
  File "C:\Users\benic\Documents\NetBeansProjects\HTML\hrpro\backend\venv\Lib\site-packages\django\core\handlers\exception.py", line 55, in inner
    response = get_response(request)
               ^^^^^^^^^^^^^^^^^^^^^
  File "C:\Users\benic\Documents\NetBeansProjects\HTML\hrpro\backend\venv\Lib\site-packages\django\core\handlers\base.py", line 197, in _get_response
    response = wrapped_callback(request, *callback_args, **callback_kwargs)
               ^^^^^^^^^^^^^^^^^^^^^^^^^^^^^^^^^^^^^^^^^^^^^^^^^^^^^^^^^^^^
  File "C:\Users\benic\Documents\NetBeansProjects\HTML\hrpro\backend\venv\Lib\site-packages\django\views\decorators\csrf.py", line 56, in wrapper_view
    return view_func(*args, **kwargs)
           ^^^^^^^^^^^^^^^^^^^^^^^^^^
  File "C:\Users\benic\Documents\NetBeansProjects\HTML\hrpro\backend\venv\Lib\site-packages\django\views\generic\base.py", line 104, in view
    return self.dispatch(request, *args, **kwargs)
           ^^^^^^^^^^^^^^^^^^^^^^^^^^^^^^^^^^^^^^^
  File "C:\Users\benic\Documents\NetBeansProjects\HTML\hrpro\backend\venv\Lib\site-packages\rest_framework\views.py", line 509, in dispatch
    response = self.handle_exception(exc)
               ^^^^^^^^^^^^^^^^^^^^^^^^^^
  File "C:\Users\benic\Documents\NetBeansProjects\HTML\hrpro\backend\venv\Lib\site-packages\rest_framework\views.py", line 469, in handle_exception
    self.raise_uncaught_exception(exc)
  File "C:\Users\benic\Documents\NetBeansProjects\HTML\hrpro\backend\venv\Lib\site-packages\rest_framework\views.py", line 480, in raise_uncaught_exception
    raise exc
  File "C:\Users\benic\Documents\NetBeansProjects\HTML\hrpro\backend\venv\Lib\site-packages\rest_framework\views.py", line 506, in dispatch
    response = handler(request, *args, **kwargs)
               ^^^^^^^^^^^^^^^^^^^^^^^^^^^^^^^^^
  File "C:\Users\benic\Documents\NetBeansProjects\HTML\hrpro\backend\venv\Lib\site-packages\rest_framework\generics.py", line 243, in get
    return self.list(request, *args, **kwargs)
           ^^^^^^^^^^^^^^^^^^^^^^^^^^^^^^^^^^^
  File "C:\Users\benic\Documents\NetBeansProjects\HTML\hrpro\backend\venv\Lib\site-packages\rest_framework\mixins.py", line 40, in list
    page = self.paginate_queryset(queryset)
           ^^^^^^^^^^^^^^^^^^^^^^^^^^^^^^^^
  File "C:\Users\benic\Documents\NetBeansProjects\HTML\hrpro\backend\venv\Lib\site-packages\rest_framework\generics.py", line 175, in paginate_queryset
    return self.paginator.paginate_queryset(queryset, self.request, view=self)
           ^^^^^^^^^^^^^^^^^^^^^^^^^^^^^^^^^^^^^^^^^^^^^^^^^^^^^^^^^^^^^^^^^^^
  File "C:\Users\benic\Documents\NetBeansProjects\HTML\hrpro\backend\venv\Lib\site-packages\rest_framework\pagination.py", line 223, in paginate_queryset
    return list(self.page)
           ^^^^^^^^^^^^^^^
  File "C:\Users\benic\Documents\NetBeansProjects\HTML\hrpro\backend\venv\Lib\site-packages\django\core\paginator.py", line 174, in __len__
    return len(self.object_list)
           ^^^^^^^^^^^^^^^^^^^^^
  File "C:\Users\benic\Documents\NetBeansProjects\HTML\hrpro\backend\venv\Lib\site-packages\django\db\models\query.py", line 380, in __len__
    self._fetch_all()
  File "C:\Users\benic\Documents\NetBeansProjects\HTML\hrpro\backend\venv\Lib\site-packages\django\db\models\query.py", line 1881, in _fetch_all
    self._result_cache = list(self._iterable_class(self))
                         ^^^^^^^^^^^^^^^^^^^^^^^^^^^^^^^^
  File "C:\Users\benic\Documents\NetBeansProjects\HTML\hrpro\backend\venv\Lib\site-packages\django\db\models\query.py", line 91, in __iter__
    results = compiler.execute_sql(
              ^^^^^^^^^^^^^^^^^^^^^
  File "C:\Users\benic\Documents\NetBeansProjects\HTML\hrpro\backend\venv\Lib\site-packages\django\db\models\sql\compiler.py", line 1562, in execute_sql
    cursor.execute(sql, params)
  File "C:\Users\benic\Documents\NetBeansProjects\HTML\hrpro\backend\venv\Lib\site-packages\django\db\backends\utils.py", line 102, in execute
    return super().execute(sql, params)
           ^^^^^^^^^^^^^^^^^^^^^^^^^^^^
  File "C:\Users\benic\Documents\NetBeansProjects\HTML\hrpro\backend\venv\Lib\site-packages\django\db\backends\utils.py", line 67, in execute
    return self._execute_with_wrappers(
           ^^^^^^^^^^^^^^^^^^^^^^^^^^^^
  File "C:\Users\benic\Documents\NetBeansProjects\HTML\hrpro\backend\venv\Lib\site-packages\django\db\backends\utils.py", line 80, in _execute_with_wrappers
    return executor(sql, params, many, context)
           ^^^^^^^^^^^^^^^^^^^^^^^^^^^^^^^^^^^^
  File "C:\Users\benic\Documents\NetBeansProjects\HTML\hrpro\backend\venv\Lib\site-packages\django\db\backends\utils.py", line 84, in _execute
    with self.db.wrap_database_errors:
  File "C:\Users\benic\Documents\NetBeansProjects\HTML\hrpro\backend\venv\Lib\site-packages\django\db\utils.py", line 91, in __exit__
    raise dj_exc_value.with_traceback(traceback) from exc_value
  File "C:\Users\benic\Documents\NetBeansProjects\HTML\hrpro\backend\venv\Lib\site-packages\django\db\backends\utils.py", line 89, in _execute
    return self.cursor.execute(sql, params)
           ^^^^^^^^^^^^^^^^^^^^^^^^^^^^^^^^
django.db.utils.ProgrammingError: column departments_position.basic_salary does not exist
LINE 1: ...."department_id", "departments_position"."grade", "departmen...
                                                             ^

"GET /api/employees/?page=1 HTTP/1.1" 500 192297
Internal Server Error: /api/employees/
Traceback (most recent call last):
  File "C:\Users\benic\Documents\NetBeansProjects\HTML\hrpro\backend\venv\Lib\site-packages\django\db\backends\utils.py", line 89, in _execute
    return self.cursor.execute(sql, params)
           ^^^^^^^^^^^^^^^^^^^^^^^^^^^^^^^^
psycopg2.errors.UndefinedColumn: column departments_position.basic_salary does not exist
LINE 1: ...."department_id", "departments_position"."grade", "departmen...
                                                             ^


The above exception was the direct cause of the following exception:

Traceback (most recent call last):
  File "C:\Users\benic\Documents\NetBeansProjects\HTML\hrpro\backend\venv\Lib\site-packages\django\core\handlers\exception.py", line 55, in inner
    response = get_response(request)
               ^^^^^^^^^^^^^^^^^^^^^
  File "C:\Users\benic\Documents\NetBeansProjects\HTML\hrpro\backend\venv\Lib\site-packages\django\core\handlers\base.py", line 197, in _get_response
    response = wrapped_callback(request, *callback_args, **callback_kwargs)
               ^^^^^^^^^^^^^^^^^^^^^^^^^^^^^^^^^^^^^^^^^^^^^^^^^^^^^^^^^^^^
  File "C:\Users\benic\Documents\NetBeansProjects\HTML\hrpro\backend\venv\Lib\site-packages\django\views\decorators\csrf.py", line 56, in wrapper_view
    return view_func(*args, **kwargs)
           ^^^^^^^^^^^^^^^^^^^^^^^^^^
  File "C:\Users\benic\Documents\NetBeansProjects\HTML\hrpro\backend\venv\Lib\site-packages\django\views\generic\base.py", line 104, in view
    return self.dispatch(request, *args, **kwargs)
           ^^^^^^^^^^^^^^^^^^^^^^^^^^^^^^^^^^^^^^^
  File "C:\Users\benic\Documents\NetBeansProjects\HTML\hrpro\backend\venv\Lib\site-packages\rest_framework\views.py", line 509, in dispatch
    response = self.handle_exception(exc)
               ^^^^^^^^^^^^^^^^^^^^^^^^^^
  File "C:\Users\benic\Documents\NetBeansProjects\HTML\hrpro\backend\venv\Lib\site-packages\rest_framework\views.py", line 469, in handle_exception
    self.raise_uncaught_exception(exc)
  File "C:\Users\benic\Documents\NetBeansProjects\HTML\hrpro\backend\venv\Lib\site-packages\rest_framework\views.py", line 480, in raise_uncaught_exception
    raise exc
  File "C:\Users\benic\Documents\NetBeansProjects\HTML\hrpro\backend\venv\Lib\site-packages\rest_framework\views.py", line 506, in dispatch
    response = handler(request, *args, **kwargs)
               ^^^^^^^^^^^^^^^^^^^^^^^^^^^^^^^^^
  File "C:\Users\benic\Documents\NetBeansProjects\HTML\hrpro\backend\venv\Lib\site-packages\rest_framework\generics.py", line 243, in get
    return self.list(request, *args, **kwargs)
           ^^^^^^^^^^^^^^^^^^^^^^^^^^^^^^^^^^^
  File "C:\Users\benic\Documents\NetBeansProjects\HTML\hrpro\backend\venv\Lib\site-packages\rest_framework\mixins.py", line 40, in list
    page = self.paginate_queryset(queryset)
           ^^^^^^^^^^^^^^^^^^^^^^^^^^^^^^^^
  File "C:\Users\benic\Documents\NetBeansProjects\HTML\hrpro\backend\venv\Lib\site-packages\rest_framework\generics.py", line 175, in paginate_queryset
    return self.paginator.paginate_queryset(queryset, self.request, view=self)
           ^^^^^^^^^^^^^^^^^^^^^^^^^^^^^^^^^^^^^^^^^^^^^^^^^^^^^^^^^^^^^^^^^^^
  File "C:\Users\benic\Documents\NetBeansProjects\HTML\hrpro\backend\venv\Lib\site-packages\rest_framework\pagination.py", line 223, in paginate_queryset
    return list(self.page)
           ^^^^^^^^^^^^^^^
  File "C:\Users\benic\Documents\NetBeansProjects\HTML\hrpro\backend\venv\Lib\site-packages\django\core\paginator.py", line 174, in __len__
    return len(self.object_list)
           ^^^^^^^^^^^^^^^^^^^^^
  File "C:\Users\benic\Documents\NetBeansProjects\HTML\hrpro\backend\venv\Lib\site-packages\django\db\models\query.py", line 380, in __len__
    self._fetch_all()
  File "C:\Users\benic\Documents\NetBeansProjects\HTML\hrpro\backend\venv\Lib\site-packages\django\db\models\query.py", line 1881, in _fetch_all
    self._result_cache = list(self._iterable_class(self))
                         ^^^^^^^^^^^^^^^^^^^^^^^^^^^^^^^^
  File "C:\Users\benic\Documents\NetBeansProjects\HTML\hrpro\backend\venv\Lib\site-packages\django\db\models\query.py", line 91, in __iter__
    results = compiler.execute_sql(
              ^^^^^^^^^^^^^^^^^^^^^
  File "C:\Users\benic\Documents\NetBeansProjects\HTML\hrpro\backend\venv\Lib\site-packages\django\db\models\sql\compiler.py", line 1562, in execute_sql
    cursor.execute(sql, params)
  File "C:\Users\benic\Documents\NetBeansProjects\HTML\hrpro\backend\venv\Lib\site-packages\django\db\backends\utils.py", line 102, in execute
    return super().execute(sql, params)
           ^^^^^^^^^^^^^^^^^^^^^^^^^^^^
  File "C:\Users\benic\Documents\NetBeansProjects\HTML\hrpro\backend\venv\Lib\site-packages\django\db\backends\utils.py", line 67, in execute
    return self._execute_with_wrappers(
           ^^^^^^^^^^^^^^^^^^^^^^^^^^^^
  File "C:\Users\benic\Documents\NetBeansProjects\HTML\hrpro\backend\venv\Lib\site-packages\django\db\backends\utils.py", line 80, in _execute_with_wrappers
    return executor(sql, params, many, context)
           ^^^^^^^^^^^^^^^^^^^^^^^^^^^^^^^^^^^^
  File "C:\Users\benic\Documents\NetBeansProjects\HTML\hrpro\backend\venv\Lib\site-packages\django\db\backends\utils.py", line 84, in _execute
    with self.db.wrap_database_errors:
  File "C:\Users\benic\Documents\NetBeansProjects\HTML\hrpro\backend\venv\Lib\site-packages\django\db\utils.py", line 91, in __exit__
    raise dj_exc_value.with_traceback(traceback) from exc_value
  File "C:\Users\benic\Documents\NetBeansProjects\HTML\hrpro\backend\venv\Lib\site-packages\django\db\backends\utils.py", line 89, in _execute
    return self.cursor.execute(sql, params)
           ^^^^^^^^^^^^^^^^^^^^^^^^^^^^^^^^
django.db.utils.ProgrammingError: column departments_position.basic_salary does not exist
LINE 1: ...."department_id", "departments_position"."grade", "departmen...
                                                             ^

"GET /api/employees/?page=1 HTTP/1.1" 500 192297
"OPTIONS /api/employees/?page_size=1 HTTP/1.1" 200 0
"OPTIONS /api/attendance/?date=2026-06-04&status=PRESENT&page_size=1 HTTP/1.1" 200 0
"OPTIONS /api/leave/requests/?status=PENDING&page_size=1 HTTP/1.1" 200 0
"OPTIONS /api/payroll/runs/?month=6&year=2026 HTTP/1.1" 200 0
"OPTIONS /api/leave/requests/?page_size=5 HTTP/1.1" 200 0
"GET /api/attendance/?date=2026-06-04&status=PRESENT&page_size=1 HTTP/1.1" 200 52
"GET /api/leave/requests/?status=PENDING&page_size=1 HTTP/1.1" 200 52
"GET /api/payroll/runs/?month=6&year=2026 HTTP/1.1" 200 52
Internal Server Error: /api/employees/
Traceback (most recent call last):
  File "C:\Users\benic\Documents\NetBeansProjects\HTML\hrpro\backend\venv\Lib\site-packages\django\db\backends\utils.py", line 89, in _execute
    return self.cursor.execute(sql, params)
           ^^^^^^^^^^^^^^^^^^^^^^^^^^^^^^^^
psycopg2.errors.UndefinedColumn: column departments_position.basic_salary does not exist
LINE 1: ...."department_id", "departments_position"."grade", "departmen...
                                                             ^


The above exception was the direct cause of the following exception:

Traceback (most recent call last):
  File "C:\Users\benic\Documents\NetBeansProjects\HTML\hrpro\backend\venv\Lib\site-packages\django\core\handlers\exception.py", line 55, in inner
    response = get_response(request)
               ^^^^^^^^^^^^^^^^^^^^^
  File "C:\Users\benic\Documents\NetBeansProjects\HTML\hrpro\backend\venv\Lib\site-packages\django\core\handlers\base.py", line 197, in _get_response
    response = wrapped_callback(request, *callback_args, **callback_kwargs)
               ^^^^^^^^^^^^^^^^^^^^^^^^^^^^^^^^^^^^^^^^^^^^^^^^^^^^^^^^^^^^
  File "C:\Users\benic\Documents\NetBeansProjects\HTML\hrpro\backend\venv\Lib\site-packages\django\views\decorators\csrf.py", line 56, in wrapper_view
    return view_func(*args, **kwargs)
           ^^^^^^^^^^^^^^^^^^^^^^^^^^
  File "C:\Users\benic\Documents\NetBeansProjects\HTML\hrpro\backend\venv\Lib\site-packages\django\views\generic\base.py", line 104, in view
    return self.dispatch(request, *args, **kwargs)
           ^^^^^^^^^^^^^^^^^^^^^^^^^^^^^^^^^^^^^^^
  File "C:\Users\benic\Documents\NetBeansProjects\HTML\hrpro\backend\venv\Lib\site-packages\rest_framework\views.py", line 509, in dispatch
    response = self.handle_exception(exc)
               ^^^^^^^^^^^^^^^^^^^^^^^^^^
  File "C:\Users\benic\Documents\NetBeansProjects\HTML\hrpro\backend\venv\Lib\site-packages\rest_framework\views.py", line 469, in handle_exception
    self.raise_uncaught_exception(exc)
  File "C:\Users\benic\Documents\NetBeansProjects\HTML\hrpro\backend\venv\Lib\site-packages\rest_framework\views.py", line 480, in raise_uncaught_exception
    raise exc
  File "C:\Users\benic\Documents\NetBeansProjects\HTML\hrpro\backend\venv\Lib\site-packages\rest_framework\views.py", line 506, in dispatch
    response = handler(request, *args, **kwargs)
               ^^^^^^^^^^^^^^^^^^^^^^^^^^^^^^^^^
  File "C:\Users\benic\Documents\NetBeansProjects\HTML\hrpro\backend\venv\Lib\site-packages\rest_framework\generics.py", line 243, in get
    return self.list(request, *args, **kwargs)
           ^^^^^^^^^^^^^^^^^^^^^^^^^^^^^^^^^^^
  File "C:\Users\benic\Documents\NetBeansProjects\HTML\hrpro\backend\venv\Lib\site-packages\rest_framework\mixins.py", line 40, in list
    page = self.paginate_queryset(queryset)
           ^^^^^^^^^^^^^^^^^^^^^^^^^^^^^^^^
  File "C:\Users\benic\Documents\NetBeansProjects\HTML\hrpro\backend\venv\Lib\site-packages\rest_framework\generics.py", line 175, in paginate_queryset
    return self.paginator.paginate_queryset(queryset, self.request, view=self)
           ^^^^^^^^^^^^^^^^^^^^^^^^^^^^^^^^^^^^^^^^^^^^^^^^^^^^^^^^^^^^^^^^^^^
  File "C:\Users\benic\Documents\NetBeansProjects\HTML\hrpro\backend\venv\Lib\site-packages\rest_framework\pagination.py", line 223, in paginate_queryset
    return list(self.page)
           ^^^^^^^^^^^^^^^
  File "C:\Users\benic\Documents\NetBeansProjects\HTML\hrpro\backend\venv\Lib\site-packages\django\core\paginator.py", line 174, in __len__
    return len(self.object_list)
           ^^^^^^^^^^^^^^^^^^^^^
  File "C:\Users\benic\Documents\NetBeansProjects\HTML\hrpro\backend\venv\Lib\site-packages\django\db\models\query.py", line 380, in __len__
    self._fetch_all()
  File "C:\Users\benic\Documents\NetBeansProjects\HTML\hrpro\backend\venv\Lib\site-packages\django\db\models\query.py", line 1881, in _fetch_all
    self._result_cache = list(self._iterable_class(self))
                         ^^^^^^^^^^^^^^^^^^^^^^^^^^^^^^^^
  File "C:\Users\benic\Documents\NetBeansProjects\HTML\hrpro\backend\venv\Lib\site-packages\django\db\models\query.py", line 91, in __iter__
    results = compiler.execute_sql(
              ^^^^^^^^^^^^^^^^^^^^^
  File "C:\Users\benic\Documents\NetBeansProjects\HTML\hrpro\backend\venv\Lib\site-packages\django\db\models\sql\compiler.py", line 1562, in execute_sql
    cursor.execute(sql, params)
  File "C:\Users\benic\Documents\NetBeansProjects\HTML\hrpro\backend\venv\Lib\site-packages\django\db\backends\utils.py", line 102, in execute
    return super().execute(sql, params)
           ^^^^^^^^^^^^^^^^^^^^^^^^^^^^
  File "C:\Users\benic\Documents\NetBeansProjects\HTML\hrpro\backend\venv\Lib\site-packages\django\db\backends\utils.py", line 67, in execute
    return self._execute_with_wrappers(
           ^^^^^^^^^^^^^^^^^^^^^^^^^^^^
  File "C:\Users\benic\Documents\NetBeansProjects\HTML\hrpro\backend\venv\Lib\site-packages\django\db\backends\utils.py", line 80, in _execute_with_wrappers
    return executor(sql, params, many, context)
           ^^^^^^^^^^^^^^^^^^^^^^^^^^^^^^^^^^^^
  File "C:\Users\benic\Documents\NetBeansProjects\HTML\hrpro\backend\venv\Lib\site-packages\django\db\backends\utils.py", line 84, in _execute
    with self.db.wrap_database_errors:
  File "C:\Users\benic\Documents\NetBeansProjects\HTML\hrpro\backend\venv\Lib\site-packages\django\db\utils.py", line 91, in __exit__
    raise dj_exc_value.with_traceback(traceback) from exc_value
  File "C:\Users\benic\Documents\NetBeansProjects\HTML\hrpro\backend\venv\Lib\site-packages\django\db\backends\utils.py", line 89, in _execute
    return self.cursor.execute(sql, params)
           ^^^^^^^^^^^^^^^^^^^^^^^^^^^^^^^^
django.db.utils.ProgrammingError: column departments_position.basic_salary does not exist
LINE 1: ...."department_id", "departments_position"."grade", "departmen...
                                                             ^

"GET /api/employees/?page_size=1 HTTP/1.1" 500 192360
"GET /api/leave/requests/?page_size=5 HTTP/1.1" 200 52
Internal Server Error: /api/employees/
Traceback (most recent call last):
  File "C:\Users\benic\Documents\NetBeansProjects\HTML\hrpro\backend\venv\Lib\site-packages\django\db\backends\utils.py", line 89, in _execute
    return self.cursor.execute(sql, params)
           ^^^^^^^^^^^^^^^^^^^^^^^^^^^^^^^^
psycopg2.errors.UndefinedColumn: column departments_position.basic_salary does not exist
LINE 1: ...."department_id", "departments_position"."grade", "departmen...
                                                             ^


The above exception was the direct cause of the following exception:

Traceback (most recent call last):
  File "C:\Users\benic\Documents\NetBeansProjects\HTML\hrpro\backend\venv\Lib\site-packages\django\core\handlers\exception.py", line 55, in inner
    response = get_response(request)
               ^^^^^^^^^^^^^^^^^^^^^
  File "C:\Users\benic\Documents\NetBeansProjects\HTML\hrpro\backend\venv\Lib\site-packages\django\core\handlers\base.py", line 197, in _get_response
    response = wrapped_callback(request, *callback_args, **callback_kwargs)
               ^^^^^^^^^^^^^^^^^^^^^^^^^^^^^^^^^^^^^^^^^^^^^^^^^^^^^^^^^^^^
  File "C:\Users\benic\Documents\NetBeansProjects\HTML\hrpro\backend\venv\Lib\site-packages\django\views\decorators\csrf.py", line 56, in wrapper_view
    return view_func(*args, **kwargs)
           ^^^^^^^^^^^^^^^^^^^^^^^^^^
  File "C:\Users\benic\Documents\NetBeansProjects\HTML\hrpro\backend\venv\Lib\site-packages\django\views\generic\base.py", line 104, in view
    return self.dispatch(request, *args, **kwargs)
           ^^^^^^^^^^^^^^^^^^^^^^^^^^^^^^^^^^^^^^^
  File "C:\Users\benic\Documents\NetBeansProjects\HTML\hrpro\backend\venv\Lib\site-packages\rest_framework\views.py", line 509, in dispatch
    response = self.handle_exception(exc)
               ^^^^^^^^^^^^^^^^^^^^^^^^^^
  File "C:\Users\benic\Documents\NetBeansProjects\HTML\hrpro\backend\venv\Lib\site-packages\rest_framework\views.py", line 469, in handle_exception
    self.raise_uncaught_exception(exc)
  File "C:\Users\benic\Documents\NetBeansProjects\HTML\hrpro\backend\venv\Lib\site-packages\rest_framework\views.py", line 480, in raise_uncaught_exception
    raise exc
  File "C:\Users\benic\Documents\NetBeansProjects\HTML\hrpro\backend\venv\Lib\site-packages\rest_framework\views.py", line 506, in dispatch
    response = handler(request, *args, **kwargs)
               ^^^^^^^^^^^^^^^^^^^^^^^^^^^^^^^^^
  File "C:\Users\benic\Documents\NetBeansProjects\HTML\hrpro\backend\venv\Lib\site-packages\rest_framework\generics.py", line 243, in get
    return self.list(request, *args, **kwargs)
           ^^^^^^^^^^^^^^^^^^^^^^^^^^^^^^^^^^^
  File "C:\Users\benic\Documents\NetBeansProjects\HTML\hrpro\backend\venv\Lib\site-packages\rest_framework\mixins.py", line 40, in list
    page = self.paginate_queryset(queryset)
           ^^^^^^^^^^^^^^^^^^^^^^^^^^^^^^^^
  File "C:\Users\benic\Documents\NetBeansProjects\HTML\hrpro\backend\venv\Lib\site-packages\rest_framework\generics.py", line 175, in paginate_queryset
    return self.paginator.paginate_queryset(queryset, self.request, view=self)
           ^^^^^^^^^^^^^^^^^^^^^^^^^^^^^^^^^^^^^^^^^^^^^^^^^^^^^^^^^^^^^^^^^^^
  File "C:\Users\benic\Documents\NetBeansProjects\HTML\hrpro\backend\venv\Lib\site-packages\rest_framework\pagination.py", line 223, in paginate_queryset
    return list(self.page)
           ^^^^^^^^^^^^^^^
  File "C:\Users\benic\Documents\NetBeansProjects\HTML\hrpro\backend\venv\Lib\site-packages\django\core\paginator.py", line 174, in __len__
    return len(self.object_list)
           ^^^^^^^^^^^^^^^^^^^^^
  File "C:\Users\benic\Documents\NetBeansProjects\HTML\hrpro\backend\venv\Lib\site-packages\django\db\models\query.py", line 380, in __len__
    self._fetch_all()
  File "C:\Users\benic\Documents\NetBeansProjects\HTML\hrpro\backend\venv\Lib\site-packages\django\db\models\query.py", line 1881, in _fetch_all
    self._result_cache = list(self._iterable_class(self))
                         ^^^^^^^^^^^^^^^^^^^^^^^^^^^^^^^^
  File "C:\Users\benic\Documents\NetBeansProjects\HTML\hrpro\backend\venv\Lib\site-packages\django\db\models\query.py", line 91, in __iter__
    results = compiler.execute_sql(
              ^^^^^^^^^^^^^^^^^^^^^
  File "C:\Users\benic\Documents\NetBeansProjects\HTML\hrpro\backend\venv\Lib\site-packages\django\db\models\sql\compiler.py", line 1562, in execute_sql
    cursor.execute(sql, params)
  File "C:\Users\benic\Documents\NetBeansProjects\HTML\hrpro\backend\venv\Lib\site-packages\django\db\backends\utils.py", line 102, in execute
    return super().execute(sql, params)
           ^^^^^^^^^^^^^^^^^^^^^^^^^^^^
  File "C:\Users\benic\Documents\NetBeansProjects\HTML\hrpro\backend\venv\Lib\site-packages\django\db\backends\utils.py", line 67, in execute
    return self._execute_with_wrappers(
           ^^^^^^^^^^^^^^^^^^^^^^^^^^^^
  File "C:\Users\benic\Documents\NetBeansProjects\HTML\hrpro\backend\venv\Lib\site-packages\django\db\backends\utils.py", line 80, in _execute_with_wrappers
    return executor(sql, params, many, context)
           ^^^^^^^^^^^^^^^^^^^^^^^^^^^^^^^^^^^^
  File "C:\Users\benic\Documents\NetBeansProjects\HTML\hrpro\backend\venv\Lib\site-packages\django\db\backends\utils.py", line 84, in _execute
    with self.db.wrap_database_errors:
  File "C:\Users\benic\Documents\NetBeansProjects\HTML\hrpro\backend\venv\Lib\site-packages\django\db\utils.py", line 91, in __exit__
    raise dj_exc_value.with_traceback(traceback) from exc_value
  File "C:\Users\benic\Documents\NetBeansProjects\HTML\hrpro\backend\venv\Lib\site-packages\django\db\backends\utils.py", line 89, in _execute
    return self.cursor.execute(sql, params)
           ^^^^^^^^^^^^^^^^^^^^^^^^^^^^^^^^
django.db.utils.ProgrammingError: column departments_position.basic_salary does not exist
LINE 1: ...."department_id", "departments_position"."grade", "departmen...
                                                             ^

"GET /api/employees/?page_size=1 HTTP/1.1" 500 192360
"OPTIONS /api/loans/? HTTP/1.1" 200 0
"GET /api/loans/? HTTP/1.1" 200 52
Internal Server Error: /api/employees/
Traceback (most recent call last):
  File "C:\Users\benic\Documents\NetBeansProjects\HTML\hrpro\backend\venv\Lib\site-packages\django\db\backends\utils.py", line 89, in _execute
    return self.cursor.execute(sql, params)
           ^^^^^^^^^^^^^^^^^^^^^^^^^^^^^^^^
psycopg2.errors.UndefinedColumn: column departments_position.basic_salary does not exist
LINE 1: ...."department_id", "departments_position"."grade", "departmen...
                                                             ^


The above exception was the direct cause of the following exception:

Traceback (most recent call last):
  File "C:\Users\benic\Documents\NetBeansProjects\HTML\hrpro\backend\venv\Lib\site-packages\django\core\handlers\exception.py", line 55, in inner
    response = get_response(request)
               ^^^^^^^^^^^^^^^^^^^^^
  File "C:\Users\benic\Documents\NetBeansProjects\HTML\hrpro\backend\venv\Lib\site-packages\django\core\handlers\base.py", line 197, in _get_response
    response = wrapped_callback(request, *callback_args, **callback_kwargs)
               ^^^^^^^^^^^^^^^^^^^^^^^^^^^^^^^^^^^^^^^^^^^^^^^^^^^^^^^^^^^^
  File "C:\Users\benic\Documents\NetBeansProjects\HTML\hrpro\backend\venv\Lib\site-packages\django\views\decorators\csrf.py", line 56, in wrapper_view
    return view_func(*args, **kwargs)
           ^^^^^^^^^^^^^^^^^^^^^^^^^^
  File "C:\Users\benic\Documents\NetBeansProjects\HTML\hrpro\backend\venv\Lib\site-packages\django\views\generic\base.py", line 104, in view
    return self.dispatch(request, *args, **kwargs)
           ^^^^^^^^^^^^^^^^^^^^^^^^^^^^^^^^^^^^^^^
  File "C:\Users\benic\Documents\NetBeansProjects\HTML\hrpro\backend\venv\Lib\site-packages\rest_framework\views.py", line 509, in dispatch
    response = self.handle_exception(exc)
               ^^^^^^^^^^^^^^^^^^^^^^^^^^
  File "C:\Users\benic\Documents\NetBeansProjects\HTML\hrpro\backend\venv\Lib\site-packages\rest_framework\views.py", line 469, in handle_exception
    self.raise_uncaught_exception(exc)
  File "C:\Users\benic\Documents\NetBeansProjects\HTML\hrpro\backend\venv\Lib\site-packages\rest_framework\views.py", line 480, in raise_uncaught_exception
    raise exc
  File "C:\Users\benic\Documents\NetBeansProjects\HTML\hrpro\backend\venv\Lib\site-packages\rest_framework\views.py", line 506, in dispatch
    response = handler(request, *args, **kwargs)
               ^^^^^^^^^^^^^^^^^^^^^^^^^^^^^^^^^
  File "C:\Users\benic\Documents\NetBeansProjects\HTML\hrpro\backend\venv\Lib\site-packages\rest_framework\generics.py", line 243, in get
    return self.list(request, *args, **kwargs)
           ^^^^^^^^^^^^^^^^^^^^^^^^^^^^^^^^^^^
  File "C:\Users\benic\Documents\NetBeansProjects\HTML\hrpro\backend\venv\Lib\site-packages\rest_framework\mixins.py", line 40, in list
    page = self.paginate_queryset(queryset)
           ^^^^^^^^^^^^^^^^^^^^^^^^^^^^^^^^
  File "C:\Users\benic\Documents\NetBeansProjects\HTML\hrpro\backend\venv\Lib\site-packages\rest_framework\generics.py", line 175, in paginate_queryset
    return self.paginator.paginate_queryset(queryset, self.request, view=self)
           ^^^^^^^^^^^^^^^^^^^^^^^^^^^^^^^^^^^^^^^^^^^^^^^^^^^^^^^^^^^^^^^^^^^
  File "C:\Users\benic\Documents\NetBeansProjects\HTML\hrpro\backend\venv\Lib\site-packages\rest_framework\pagination.py", line 223, in paginate_queryset
    return list(self.page)
           ^^^^^^^^^^^^^^^
  File "C:\Users\benic\Documents\NetBeansProjects\HTML\hrpro\backend\venv\Lib\site-packages\django\core\paginator.py", line 174, in __len__
    return len(self.object_list)
           ^^^^^^^^^^^^^^^^^^^^^
  File "C:\Users\benic\Documents\NetBeansProjects\HTML\hrpro\backend\venv\Lib\site-packages\django\db\models\query.py", line 380, in __len__
    self._fetch_all()
  File "C:\Users\benic\Documents\NetBeansProjects\HTML\hrpro\backend\venv\Lib\site-packages\django\db\models\query.py", line 1881, in _fetch_all
    self._result_cache = list(self._iterable_class(self))
                         ^^^^^^^^^^^^^^^^^^^^^^^^^^^^^^^^
  File "C:\Users\benic\Documents\NetBeansProjects\HTML\hrpro\backend\venv\Lib\site-packages\django\db\models\query.py", line 91, in __iter__
    results = compiler.execute_sql(
              ^^^^^^^^^^^^^^^^^^^^^
  File "C:\Users\benic\Documents\NetBeansProjects\HTML\hrpro\backend\venv\Lib\site-packages\django\db\models\sql\compiler.py", line 1562, in execute_sql
    cursor.execute(sql, params)
  File "C:\Users\benic\Documents\NetBeansProjects\HTML\hrpro\backend\venv\Lib\site-packages\django\db\backends\utils.py", line 102, in execute
    return super().execute(sql, params)
           ^^^^^^^^^^^^^^^^^^^^^^^^^^^^
  File "C:\Users\benic\Documents\NetBeansProjects\HTML\hrpro\backend\venv\Lib\site-packages\django\db\backends\utils.py", line 67, in execute
    return self._execute_with_wrappers(
           ^^^^^^^^^^^^^^^^^^^^^^^^^^^^
  File "C:\Users\benic\Documents\NetBeansProjects\HTML\hrpro\backend\venv\Lib\site-packages\django\db\backends\utils.py", line 80, in _execute_with_wrappers
    return executor(sql, params, many, context)
           ^^^^^^^^^^^^^^^^^^^^^^^^^^^^^^^^^^^^
  File "C:\Users\benic\Documents\NetBeansProjects\HTML\hrpro\backend\venv\Lib\site-packages\django\db\backends\utils.py", line 84, in _execute
    with self.db.wrap_database_errors:
  File "C:\Users\benic\Documents\NetBeansProjects\HTML\hrpro\backend\venv\Lib\site-packages\django\db\utils.py", line 91, in __exit__
    raise dj_exc_value.with_traceback(traceback) from exc_value
  File "C:\Users\benic\Documents\NetBeansProjects\HTML\hrpro\backend\venv\Lib\site-packages\django\db\backends\utils.py", line 89, in _execute
    return self.cursor.execute(sql, params)
           ^^^^^^^^^^^^^^^^^^^^^^^^^^^^^^^^
django.db.utils.ProgrammingError: column departments_position.basic_salary does not exist
LINE 1: ...."department_id", "departments_position"."grade", "departmen...
                                                             ^

"GET /api/employees/?employment_status=ACTIVE&page_size=200 HTTP/1.1" 500 193674
Internal Server Error: /api/employees/
Traceback (most recent call last):
  File "C:\Users\benic\Documents\NetBeansProjects\HTML\hrpro\backend\venv\Lib\site-packages\django\db\backends\utils.py", line 89, in _execute
    return self.cursor.execute(sql, params)
           ^^^^^^^^^^^^^^^^^^^^^^^^^^^^^^^^
psycopg2.errors.UndefinedColumn: column departments_position.basic_salary does not exist
LINE 1: ...."department_id", "departments_position"."grade", "departmen...
                                                             ^


The above exception was the direct cause of the following exception:

Traceback (most recent call last):
  File "C:\Users\benic\Documents\NetBeansProjects\HTML\hrpro\backend\venv\Lib\site-packages\django\core\handlers\exception.py", line 55, in inner
    response = get_response(request)
               ^^^^^^^^^^^^^^^^^^^^^
  File "C:\Users\benic\Documents\NetBeansProjects\HTML\hrpro\backend\venv\Lib\site-packages\django\core\handlers\base.py", line 197, in _get_response
    response = wrapped_callback(request, *callback_args, **callback_kwargs)
               ^^^^^^^^^^^^^^^^^^^^^^^^^^^^^^^^^^^^^^^^^^^^^^^^^^^^^^^^^^^^
  File "C:\Users\benic\Documents\NetBeansProjects\HTML\hrpro\backend\venv\Lib\site-packages\django\views\decorators\csrf.py", line 56, in wrapper_view
    return view_func(*args, **kwargs)
           ^^^^^^^^^^^^^^^^^^^^^^^^^^
  File "C:\Users\benic\Documents\NetBeansProjects\HTML\hrpro\backend\venv\Lib\site-packages\django\views\generic\base.py", line 104, in view
    return self.dispatch(request, *args, **kwargs)
           ^^^^^^^^^^^^^^^^^^^^^^^^^^^^^^^^^^^^^^^
  File "C:\Users\benic\Documents\NetBeansProjects\HTML\hrpro\backend\venv\Lib\site-packages\rest_framework\views.py", line 509, in dispatch
    response = self.handle_exception(exc)
               ^^^^^^^^^^^^^^^^^^^^^^^^^^
  File "C:\Users\benic\Documents\NetBeansProjects\HTML\hrpro\backend\venv\Lib\site-packages\rest_framework\views.py", line 469, in handle_exception
    self.raise_uncaught_exception(exc)
  File "C:\Users\benic\Documents\NetBeansProjects\HTML\hrpro\backend\venv\Lib\site-packages\rest_framework\views.py", line 480, in raise_uncaught_exception
    raise exc
  File "C:\Users\benic\Documents\NetBeansProjects\HTML\hrpro\backend\venv\Lib\site-packages\rest_framework\views.py", line 506, in dispatch
    response = handler(request, *args, **kwargs)
               ^^^^^^^^^^^^^^^^^^^^^^^^^^^^^^^^^
  File "C:\Users\benic\Documents\NetBeansProjects\HTML\hrpro\backend\venv\Lib\site-packages\rest_framework\generics.py", line 243, in get
    return self.list(request, *args, **kwargs)
           ^^^^^^^^^^^^^^^^^^^^^^^^^^^^^^^^^^^
  File "C:\Users\benic\Documents\NetBeansProjects\HTML\hrpro\backend\venv\Lib\site-packages\rest_framework\mixins.py", line 40, in list
    page = self.paginate_queryset(queryset)
           ^^^^^^^^^^^^^^^^^^^^^^^^^^^^^^^^
  File "C:\Users\benic\Documents\NetBeansProjects\HTML\hrpro\backend\venv\Lib\site-packages\rest_framework\generics.py", line 175, in paginate_queryset
    return self.paginator.paginate_queryset(queryset, self.request, view=self)
           ^^^^^^^^^^^^^^^^^^^^^^^^^^^^^^^^^^^^^^^^^^^^^^^^^^^^^^^^^^^^^^^^^^^
  File "C:\Users\benic\Documents\NetBeansProjects\HTML\hrpro\backend\venv\Lib\site-packages\rest_framework\pagination.py", line 223, in paginate_queryset
    return list(self.page)
           ^^^^^^^^^^^^^^^
  File "C:\Users\benic\Documents\NetBeansProjects\HTML\hrpro\backend\venv\Lib\site-packages\django\core\paginator.py", line 174, in __len__
    return len(self.object_list)
           ^^^^^^^^^^^^^^^^^^^^^
  File "C:\Users\benic\Documents\NetBeansProjects\HTML\hrpro\backend\venv\Lib\site-packages\django\db\models\query.py", line 380, in __len__
    self._fetch_all()
  File "C:\Users\benic\Documents\NetBeansProjects\HTML\hrpro\backend\venv\Lib\site-packages\django\db\models\query.py", line 1881, in _fetch_all
    self._result_cache = list(self._iterable_class(self))
                         ^^^^^^^^^^^^^^^^^^^^^^^^^^^^^^^^
  File "C:\Users\benic\Documents\NetBeansProjects\HTML\hrpro\backend\venv\Lib\site-packages\django\db\models\query.py", line 91, in __iter__
    results = compiler.execute_sql(
              ^^^^^^^^^^^^^^^^^^^^^
  File "C:\Users\benic\Documents\NetBeansProjects\HTML\hrpro\backend\venv\Lib\site-packages\django\db\models\sql\compiler.py", line 1562, in execute_sql
    cursor.execute(sql, params)
  File "C:\Users\benic\Documents\NetBeansProjects\HTML\hrpro\backend\venv\Lib\site-packages\django\db\backends\utils.py", line 102, in execute
    return super().execute(sql, params)
           ^^^^^^^^^^^^^^^^^^^^^^^^^^^^
  File "C:\Users\benic\Documents\NetBeansProjects\HTML\hrpro\backend\venv\Lib\site-packages\django\db\backends\utils.py", line 67, in execute
    return self._execute_with_wrappers(
           ^^^^^^^^^^^^^^^^^^^^^^^^^^^^
  File "C:\Users\benic\Documents\NetBeansProjects\HTML\hrpro\backend\venv\Lib\site-packages\django\db\backends\utils.py", line 80, in _execute_with_wrappers
    return executor(sql, params, many, context)
           ^^^^^^^^^^^^^^^^^^^^^^^^^^^^^^^^^^^^
  File "C:\Users\benic\Documents\NetBeansProjects\HTML\hrpro\backend\venv\Lib\site-packages\django\db\backends\utils.py", line 84, in _execute
    with self.db.wrap_database_errors:
  File "C:\Users\benic\Documents\NetBeansProjects\HTML\hrpro\backend\venv\Lib\site-packages\django\db\utils.py", line 91, in __exit__
    raise dj_exc_value.with_traceback(traceback) from exc_value
  File "C:\Users\benic\Documents\NetBeansProjects\HTML\hrpro\backend\venv\Lib\site-packages\django\db\backends\utils.py", line 89, in _execute
    return self.cursor.execute(sql, params)
           ^^^^^^^^^^^^^^^^^^^^^^^^^^^^^^^^
django.db.utils.ProgrammingError: column departments_position.basic_salary does not exist
LINE 1: ...."department_id", "departments_position"."grade", "departmen...
                                                             ^

"GET /api/employees/?employment_status=ACTIVE&page_size=200 HTTP/1.1" 500 193674
"OPTIONS /api/reports/payroll-summary/?month=6&year=2026&include_allowances=false HTTP/1.1" 200 0
Not Found: /api/reports/payroll-summary/
"GET /api/reports/payroll-summary/?month=6&year=2026&include_allowances=false HTTP/1.1" 404 48
"OPTIONS /api/reports/payroll-summary/?month=6&year=2026&include_allowances=true HTTP/1.1" 200 0
Not Found: /api/reports/payroll-summary/
"GET /api/reports/payroll-summary/?month=6&year=2026&include_allowances=true HTTP/1.1" 404 48
Not Found: /api/reports/payroll-summary/
"GET /api/reports/payroll-summary/?month=6&year=2026&include_allowances=false HTTP/1.1" 404 48
"OPTIONS /api/reports/payroll-summary/?month=4&year=2026&include_allowances=false HTTP/1.1" 200 0
Internal Server Error: /api/reports/payroll-summary/
Traceback (most recent call last):
  File "C:\Users\benic\Documents\NetBeansProjects\HTML\hrpro\backend\venv\Lib\site-packages\django\db\backends\utils.py", line 89, in _execute
    return self.cursor.execute(sql, params)
           ^^^^^^^^^^^^^^^^^^^^^^^^^^^^^^^^
psycopg2.errors.UndefinedColumn: column departments_position.basic_salary does not exist
LINE 1: ...."department_id", "departments_position"."grade", "departmen...
                                                             ^


The above exception was the direct cause of the following exception:

Traceback (most recent call last):
  File "C:\Users\benic\Documents\NetBeansProjects\HTML\hrpro\backend\venv\Lib\site-packages\django\core\handlers\exception.py", line 55, in inner
    response = get_response(request)
               ^^^^^^^^^^^^^^^^^^^^^
  File "C:\Users\benic\Documents\NetBeansProjects\HTML\hrpro\backend\venv\Lib\site-packages\django\core\handlers\base.py", line 197, in _get_response
    response = wrapped_callback(request, *callback_args, **callback_kwargs)
               ^^^^^^^^^^^^^^^^^^^^^^^^^^^^^^^^^^^^^^^^^^^^^^^^^^^^^^^^^^^^
  File "C:\Users\benic\Documents\NetBeansProjects\HTML\hrpro\backend\venv\Lib\site-packages\django\views\decorators\csrf.py", line 56, in wrapper_view
    return view_func(*args, **kwargs)
           ^^^^^^^^^^^^^^^^^^^^^^^^^^
  File "C:\Users\benic\Documents\NetBeansProjects\HTML\hrpro\backend\venv\Lib\site-packages\django\views\generic\base.py", line 104, in view
    return self.dispatch(request, *args, **kwargs)
           ^^^^^^^^^^^^^^^^^^^^^^^^^^^^^^^^^^^^^^^
  File "C:\Users\benic\Documents\NetBeansProjects\HTML\hrpro\backend\venv\Lib\site-packages\rest_framework\views.py", line 509, in dispatch
    response = self.handle_exception(exc)
               ^^^^^^^^^^^^^^^^^^^^^^^^^^
  File "C:\Users\benic\Documents\NetBeansProjects\HTML\hrpro\backend\venv\Lib\site-packages\rest_framework\views.py", line 469, in handle_exception
    self.raise_uncaught_exception(exc)
  File "C:\Users\benic\Documents\NetBeansProjects\HTML\hrpro\backend\venv\Lib\site-packages\rest_framework\views.py", line 480, in raise_uncaught_exception
    raise exc
  File "C:\Users\benic\Documents\NetBeansProjects\HTML\hrpro\backend\venv\Lib\site-packages\rest_framework\views.py", line 506, in dispatch
    response = handler(request, *args, **kwargs)
               ^^^^^^^^^^^^^^^^^^^^^^^^^^^^^^^^^
  File "C:\Users\benic\Documents\NetBeansProjects\HTML\hrpro\backend\apps\reports\views.py", line 174, in get
    for payslip in payslips:
  File "C:\Users\benic\Documents\NetBeansProjects\HTML\hrpro\backend\venv\Lib\site-packages\django\db\models\query.py", line 398, in __iter__
    self._fetch_all()
  File "C:\Users\benic\Documents\NetBeansProjects\HTML\hrpro\backend\venv\Lib\site-packages\django\db\models\query.py", line 1881, in _fetch_all
    self._result_cache = list(self._iterable_class(self))
                         ^^^^^^^^^^^^^^^^^^^^^^^^^^^^^^^^
  File "C:\Users\benic\Documents\NetBeansProjects\HTML\hrpro\backend\venv\Lib\site-packages\django\db\models\query.py", line 91, in __iter__
    results = compiler.execute_sql(
              ^^^^^^^^^^^^^^^^^^^^^
  File "C:\Users\benic\Documents\NetBeansProjects\HTML\hrpro\backend\venv\Lib\site-packages\django\db\models\sql\compiler.py", line 1562, in execute_sql
    cursor.execute(sql, params)
  File "C:\Users\benic\Documents\NetBeansProjects\HTML\hrpro\backend\venv\Lib\site-packages\django\db\backends\utils.py", line 102, in execute
    return super().execute(sql, params)
           ^^^^^^^^^^^^^^^^^^^^^^^^^^^^
  File "C:\Users\benic\Documents\NetBeansProjects\HTML\hrpro\backend\venv\Lib\site-packages\django\db\backends\utils.py", line 67, in execute
    return self._execute_with_wrappers(
           ^^^^^^^^^^^^^^^^^^^^^^^^^^^^
  File "C:\Users\benic\Documents\NetBeansProjects\HTML\hrpro\backend\venv\Lib\site-packages\django\db\backends\utils.py", line 80, in _execute_with_wrappers
    return executor(sql, params, many, context)
           ^^^^^^^^^^^^^^^^^^^^^^^^^^^^^^^^^^^^
  File "C:\Users\benic\Documents\NetBeansProjects\HTML\hrpro\backend\venv\Lib\site-packages\django\db\backends\utils.py", line 84, in _execute
    with self.db.wrap_database_errors:
  File "C:\Users\benic\Documents\NetBeansProjects\HTML\hrpro\backend\venv\Lib\site-packages\django\db\utils.py", line 91, in __exit__
    raise dj_exc_value.with_traceback(traceback) from exc_value
  File "C:\Users\benic\Documents\NetBeansProjects\HTML\hrpro\backend\venv\Lib\site-packages\django\db\backends\utils.py", line 89, in _execute
    return self.cursor.execute(sql, params)
           ^^^^^^^^^^^^^^^^^^^^^^^^^^^^^^^^
django.db.utils.ProgrammingError: column departments_position.basic_salary does not exist
LINE 1: ...."department_id", "departments_position"."grade", "departmen...
                                                             ^

"GET /api/reports/payroll-summary/?month=4&year=2026&include_allowances=false HTTP/1.1" 500 187614
"OPTIONS /api/reports/gra/?month=4&year=2026 HTTP/1.1" 200 0
"GET /api/reports/gra/?month=4&year=2026 HTTP/1.1" 200 131
"OPTIONS /api/reports/ssnit/?month=4&year=2026 HTTP/1.1" 200 0
"GET /api/reports/ssnit/?month=4&year=2026 HTTP/1.1" 200 198
"OPTIONS /api/reports/bank-schedule/?month=4&year=2026 HTTP/1.1" 200 0
"GET /api/reports/bank-schedule/?month=4&year=2026 HTTP/1.1" 200 104
"OPTIONS /api/reports/headcount/ HTTP/1.1" 200 0
"GET /api/reports/headcount/ HTTP/1.1" 200 240
Internal Server Error: /api/reports/payroll-summary/
Traceback (most recent call last):
  File "C:\Users\benic\Documents\NetBeansProjects\HTML\hrpro\backend\venv\Lib\site-packages\django\db\backends\utils.py", line 89, in _execute
    return self.cursor.execute(sql, params)
           ^^^^^^^^^^^^^^^^^^^^^^^^^^^^^^^^
psycopg2.errors.UndefinedColumn: column departments_position.basic_salary does not exist
LINE 1: ...."department_id", "departments_position"."grade", "departmen...
                                                             ^


The above exception was the direct cause of the following exception:

Traceback (most recent call last):
  File "C:\Users\benic\Documents\NetBeansProjects\HTML\hrpro\backend\venv\Lib\site-packages\django\core\handlers\exception.py", line 55, in inner
    response = get_response(request)
               ^^^^^^^^^^^^^^^^^^^^^
  File "C:\Users\benic\Documents\NetBeansProjects\HTML\hrpro\backend\venv\Lib\site-packages\django\core\handlers\base.py", line 197, in _get_response
    response = wrapped_callback(request, *callback_args, **callback_kwargs)
               ^^^^^^^^^^^^^^^^^^^^^^^^^^^^^^^^^^^^^^^^^^^^^^^^^^^^^^^^^^^^
  File "C:\Users\benic\Documents\NetBeansProjects\HTML\hrpro\backend\venv\Lib\site-packages\django\views\decorators\csrf.py", line 56, in wrapper_view
    return view_func(*args, **kwargs)
           ^^^^^^^^^^^^^^^^^^^^^^^^^^
  File "C:\Users\benic\Documents\NetBeansProjects\HTML\hrpro\backend\venv\Lib\site-packages\django\views\generic\base.py", line 104, in view
    return self.dispatch(request, *args, **kwargs)
           ^^^^^^^^^^^^^^^^^^^^^^^^^^^^^^^^^^^^^^^
  File "C:\Users\benic\Documents\NetBeansProjects\HTML\hrpro\backend\venv\Lib\site-packages\rest_framework\views.py", line 509, in dispatch
    response = self.handle_exception(exc)
               ^^^^^^^^^^^^^^^^^^^^^^^^^^
  File "C:\Users\benic\Documents\NetBeansProjects\HTML\hrpro\backend\venv\Lib\site-packages\rest_framework\views.py", line 469, in handle_exception
    self.raise_uncaught_exception(exc)
  File "C:\Users\benic\Documents\NetBeansProjects\HTML\hrpro\backend\venv\Lib\site-packages\rest_framework\views.py", line 480, in raise_uncaught_exception
    raise exc
  File "C:\Users\benic\Documents\NetBeansProjects\HTML\hrpro\backend\venv\Lib\site-packages\rest_framework\views.py", line 506, in dispatch
    response = handler(request, *args, **kwargs)
               ^^^^^^^^^^^^^^^^^^^^^^^^^^^^^^^^^
  File "C:\Users\benic\Documents\NetBeansProjects\HTML\hrpro\backend\apps\reports\views.py", line 174, in get
    for payslip in payslips:
  File "C:\Users\benic\Documents\NetBeansProjects\HTML\hrpro\backend\venv\Lib\site-packages\django\db\models\query.py", line 398, in __iter__
    self._fetch_all()
  File "C:\Users\benic\Documents\NetBeansProjects\HTML\hrpro\backend\venv\Lib\site-packages\django\db\models\query.py", line 1881, in _fetch_all
    self._result_cache = list(self._iterable_class(self))
                         ^^^^^^^^^^^^^^^^^^^^^^^^^^^^^^^^
  File "C:\Users\benic\Documents\NetBeansProjects\HTML\hrpro\backend\venv\Lib\site-packages\django\db\models\query.py", line 91, in __iter__
    results = compiler.execute_sql(
              ^^^^^^^^^^^^^^^^^^^^^
  File "C:\Users\benic\Documents\NetBeansProjects\HTML\hrpro\backend\venv\Lib\site-packages\django\db\models\sql\compiler.py", line 1562, in execute_sql
    cursor.execute(sql, params)
  File "C:\Users\benic\Documents\NetBeansProjects\HTML\hrpro\backend\venv\Lib\site-packages\django\db\backends\utils.py", line 102, in execute
    return super().execute(sql, params)
           ^^^^^^^^^^^^^^^^^^^^^^^^^^^^
  File "C:\Users\benic\Documents\NetBeansProjects\HTML\hrpro\backend\venv\Lib\site-packages\django\db\backends\utils.py", line 67, in execute
    return self._execute_with_wrappers(
           ^^^^^^^^^^^^^^^^^^^^^^^^^^^^
  File "C:\Users\benic\Documents\NetBeansProjects\HTML\hrpro\backend\venv\Lib\site-packages\django\db\backends\utils.py", line 80, in _execute_with_wrappers
    return executor(sql, params, many, context)
           ^^^^^^^^^^^^^^^^^^^^^^^^^^^^^^^^^^^^
  File "C:\Users\benic\Documents\NetBeansProjects\HTML\hrpro\backend\venv\Lib\site-packages\django\db\backends\utils.py", line 84, in _execute
    with self.db.wrap_database_errors:
  File "C:\Users\benic\Documents\NetBeansProjects\HTML\hrpro\backend\venv\Lib\site-packages\django\db\utils.py", line 91, in __exit__
    raise dj_exc_value.with_traceback(traceback) from exc_value
  File "C:\Users\benic\Documents\NetBeansProjects\HTML\hrpro\backend\venv\Lib\site-packages\django\db\backends\utils.py", line 89, in _execute
    return self.cursor.execute(sql, params)
           ^^^^^^^^^^^^^^^^^^^^^^^^^^^^^^^^
django.db.utils.ProgrammingError: column departments_position.basic_salary does not exist
LINE 1: ...."department_id", "departments_position"."grade", "departmen...
                                                             ^

"GET /api/reports/payroll-summary/?month=4&year=2026&include_allowances=false HTTP/1.1" 500 187614
"OPTIONS /api/reports/payroll-summary/?month=4&year=2026&include_allowances=true HTTP/1.1" 200 0
Internal Server Error: /api/reports/payroll-summary/
Traceback (most recent call last):
  File "C:\Users\benic\Documents\NetBeansProjects\HTML\hrpro\backend\venv\Lib\site-packages\django\db\backends\utils.py", line 89, in _execute
    return self.cursor.execute(sql, params)
           ^^^^^^^^^^^^^^^^^^^^^^^^^^^^^^^^
psycopg2.errors.UndefinedColumn: column departments_position.basic_salary does not exist
LINE 1: ...."department_id", "departments_position"."grade", "departmen...
                                                             ^


The above exception was the direct cause of the following exception:

Traceback (most recent call last):
  File "C:\Users\benic\Documents\NetBeansProjects\HTML\hrpro\backend\venv\Lib\site-packages\django\core\handlers\exception.py", line 55, in inner
    response = get_response(request)
               ^^^^^^^^^^^^^^^^^^^^^
  File "C:\Users\benic\Documents\NetBeansProjects\HTML\hrpro\backend\venv\Lib\site-packages\django\core\handlers\base.py", line 197, in _get_response
    response = wrapped_callback(request, *callback_args, **callback_kwargs)
               ^^^^^^^^^^^^^^^^^^^^^^^^^^^^^^^^^^^^^^^^^^^^^^^^^^^^^^^^^^^^
  File "C:\Users\benic\Documents\NetBeansProjects\HTML\hrpro\backend\venv\Lib\site-packages\django\views\decorators\csrf.py", line 56, in wrapper_view
    return view_func(*args, **kwargs)
           ^^^^^^^^^^^^^^^^^^^^^^^^^^
  File "C:\Users\benic\Documents\NetBeansProjects\HTML\hrpro\backend\venv\Lib\site-packages\django\views\generic\base.py", line 104, in view
    return self.dispatch(request, *args, **kwargs)
           ^^^^^^^^^^^^^^^^^^^^^^^^^^^^^^^^^^^^^^^
  File "C:\Users\benic\Documents\NetBeansProjects\HTML\hrpro\backend\venv\Lib\site-packages\rest_framework\views.py", line 509, in dispatch
    response = self.handle_exception(exc)
               ^^^^^^^^^^^^^^^^^^^^^^^^^^
  File "C:\Users\benic\Documents\NetBeansProjects\HTML\hrpro\backend\venv\Lib\site-packages\rest_framework\views.py", line 469, in handle_exception
    self.raise_uncaught_exception(exc)
  File "C:\Users\benic\Documents\NetBeansProjects\HTML\hrpro\backend\venv\Lib\site-packages\rest_framework\views.py", line 480, in raise_uncaught_exception
    raise exc
  File "C:\Users\benic\Documents\NetBeansProjects\HTML\hrpro\backend\venv\Lib\site-packages\rest_framework\views.py", line 506, in dispatch
    response = handler(request, *args, **kwargs)
               ^^^^^^^^^^^^^^^^^^^^^^^^^^^^^^^^^
  File "C:\Users\benic\Documents\NetBeansProjects\HTML\hrpro\backend\apps\reports\views.py", line 174, in get
    for payslip in payslips:
  File "C:\Users\benic\Documents\NetBeansProjects\HTML\hrpro\backend\venv\Lib\site-packages\django\db\models\query.py", line 398, in __iter__
    self._fetch_all()
  File "C:\Users\benic\Documents\NetBeansProjects\HTML\hrpro\backend\venv\Lib\site-packages\django\db\models\query.py", line 1881, in _fetch_all
    self._result_cache = list(self._iterable_class(self))
                         ^^^^^^^^^^^^^^^^^^^^^^^^^^^^^^^^
  File "C:\Users\benic\Documents\NetBeansProjects\HTML\hrpro\backend\venv\Lib\site-packages\django\db\models\query.py", line 91, in __iter__
    results = compiler.execute_sql(
              ^^^^^^^^^^^^^^^^^^^^^
  File "C:\Users\benic\Documents\NetBeansProjects\HTML\hrpro\backend\venv\Lib\site-packages\django\db\models\sql\compiler.py", line 1562, in execute_sql
    cursor.execute(sql, params)
  File "C:\Users\benic\Documents\NetBeansProjects\HTML\hrpro\backend\venv\Lib\site-packages\django\db\backends\utils.py", line 102, in execute
    return super().execute(sql, params)
           ^^^^^^^^^^^^^^^^^^^^^^^^^^^^
  File "C:\Users\benic\Documents\NetBeansProjects\HTML\hrpro\backend\venv\Lib\site-packages\django\db\backends\utils.py", line 67, in execute
    return self._execute_with_wrappers(
           ^^^^^^^^^^^^^^^^^^^^^^^^^^^^
  File "C:\Users\benic\Documents\NetBeansProjects\HTML\hrpro\backend\venv\Lib\site-packages\django\db\backends\utils.py", line 80, in _execute_with_wrappers
    return executor(sql, params, many, context)
           ^^^^^^^^^^^^^^^^^^^^^^^^^^^^^^^^^^^^
  File "C:\Users\benic\Documents\NetBeansProjects\HTML\hrpro\backend\venv\Lib\site-packages\django\db\backends\utils.py", line 84, in _execute
    with self.db.wrap_database_errors:
  File "C:\Users\benic\Documents\NetBeansProjects\HTML\hrpro\backend\venv\Lib\site-packages\django\db\utils.py", line 91, in __exit__
    raise dj_exc_value.with_traceback(traceback) from exc_value
  File "C:\Users\benic\Documents\NetBeansProjects\HTML\hrpro\backend\venv\Lib\site-packages\django\db\backends\utils.py", line 89, in _execute
    return self.cursor.execute(sql, params)
           ^^^^^^^^^^^^^^^^^^^^^^^^^^^^^^^^
django.db.utils.ProgrammingError: column departments_position.basic_salary does not exist
LINE 1: ...."department_id", "departments_position"."grade", "departmen...
                                                             ^

"GET /api/reports/payroll-summary/?month=4&year=2026&include_allowances=true HTTP/1.1" 500 187600
Internal Server Error: /api/reports/payroll-summary/
Traceback (most recent call last):
  File "C:\Users\benic\Documents\NetBeansProjects\HTML\hrpro\backend\venv\Lib\site-packages\django\db\backends\utils.py", line 89, in _execute
    return self.cursor.execute(sql, params)
           ^^^^^^^^^^^^^^^^^^^^^^^^^^^^^^^^
psycopg2.errors.UndefinedColumn: column departments_position.basic_salary does not exist
LINE 1: ...."department_id", "departments_position"."grade", "departmen...
                                                             ^


The above exception was the direct cause of the following exception:

Traceback (most recent call last):
  File "C:\Users\benic\Documents\NetBeansProjects\HTML\hrpro\backend\venv\Lib\site-packages\django\core\handlers\exception.py", line 55, in inner
    response = get_response(request)
               ^^^^^^^^^^^^^^^^^^^^^
  File "C:\Users\benic\Documents\NetBeansProjects\HTML\hrpro\backend\venv\Lib\site-packages\django\core\handlers\base.py", line 197, in _get_response
    response = wrapped_callback(request, *callback_args, **callback_kwargs)
               ^^^^^^^^^^^^^^^^^^^^^^^^^^^^^^^^^^^^^^^^^^^^^^^^^^^^^^^^^^^^
  File "C:\Users\benic\Documents\NetBeansProjects\HTML\hrpro\backend\venv\Lib\site-packages\django\views\decorators\csrf.py", line 56, in wrapper_view
    return view_func(*args, **kwargs)
           ^^^^^^^^^^^^^^^^^^^^^^^^^^
  File "C:\Users\benic\Documents\NetBeansProjects\HTML\hrpro\backend\venv\Lib\site-packages\django\views\generic\base.py", line 104, in view
    return self.dispatch(request, *args, **kwargs)
           ^^^^^^^^^^^^^^^^^^^^^^^^^^^^^^^^^^^^^^^
  File "C:\Users\benic\Documents\NetBeansProjects\HTML\hrpro\backend\venv\Lib\site-packages\rest_framework\views.py", line 509, in dispatch
    response = self.handle_exception(exc)
               ^^^^^^^^^^^^^^^^^^^^^^^^^^
  File "C:\Users\benic\Documents\NetBeansProjects\HTML\hrpro\backend\venv\Lib\site-packages\rest_framework\views.py", line 469, in handle_exception
    self.raise_uncaught_exception(exc)
  File "C:\Users\benic\Documents\NetBeansProjects\HTML\hrpro\backend\venv\Lib\site-packages\rest_framework\views.py", line 480, in raise_uncaught_exception
    raise exc
  File "C:\Users\benic\Documents\NetBeansProjects\HTML\hrpro\backend\venv\Lib\site-packages\rest_framework\views.py", line 506, in dispatch
    response = handler(request, *args, **kwargs)
               ^^^^^^^^^^^^^^^^^^^^^^^^^^^^^^^^^
  File "C:\Users\benic\Documents\NetBeansProjects\HTML\hrpro\backend\apps\reports\views.py", line 174, in get
    for payslip in payslips:
  File "C:\Users\benic\Documents\NetBeansProjects\HTML\hrpro\backend\venv\Lib\site-packages\django\db\models\query.py", line 398, in __iter__
    self._fetch_all()
  File "C:\Users\benic\Documents\NetBeansProjects\HTML\hrpro\backend\venv\Lib\site-packages\django\db\models\query.py", line 1881, in _fetch_all
    self._result_cache = list(self._iterable_class(self))
                         ^^^^^^^^^^^^^^^^^^^^^^^^^^^^^^^^
  File "C:\Users\benic\Documents\NetBeansProjects\HTML\hrpro\backend\venv\Lib\site-packages\django\db\models\query.py", line 91, in __iter__
    results = compiler.execute_sql(
              ^^^^^^^^^^^^^^^^^^^^^
  File "C:\Users\benic\Documents\NetBeansProjects\HTML\hrpro\backend\venv\Lib\site-packages\django\db\models\sql\compiler.py", line 1562, in execute_sql
    cursor.execute(sql, params)
  File "C:\Users\benic\Documents\NetBeansProjects\HTML\hrpro\backend\venv\Lib\site-packages\django\db\backends\utils.py", line 102, in execute
    return super().execute(sql, params)
           ^^^^^^^^^^^^^^^^^^^^^^^^^^^^
  File "C:\Users\benic\Documents\NetBeansProjects\HTML\hrpro\backend\venv\Lib\site-packages\django\db\backends\utils.py", line 67, in execute
    return self._execute_with_wrappers(
           ^^^^^^^^^^^^^^^^^^^^^^^^^^^^
  File "C:\Users\benic\Documents\NetBeansProjects\HTML\hrpro\backend\venv\Lib\site-packages\django\db\backends\utils.py", line 80, in _execute_with_wrappers
    return executor(sql, params, many, context)
           ^^^^^^^^^^^^^^^^^^^^^^^^^^^^^^^^^^^^
  File "C:\Users\benic\Documents\NetBeansProjects\HTML\hrpro\backend\venv\Lib\site-packages\django\db\backends\utils.py", line 84, in _execute
    with self.db.wrap_database_errors:
  File "C:\Users\benic\Documents\NetBeansProjects\HTML\hrpro\backend\venv\Lib\site-packages\django\db\utils.py", line 91, in __exit__
    raise dj_exc_value.with_traceback(traceback) from exc_value
  File "C:\Users\benic\Documents\NetBeansProjects\HTML\hrpro\backend\venv\Lib\site-packages\django\db\backends\utils.py", line 89, in _execute
    return self.cursor.execute(sql, params)
           ^^^^^^^^^^^^^^^^^^^^^^^^^^^^^^^^
django.db.utils.ProgrammingError: column departments_position.basic_salary does not exist
LINE 1: ...."department_id", "departments_position"."grade", "departmen...
                                                             ^

"GET /api/reports/payroll-summary/?month=4&year=2026&include_allowances=true HTTP/1.1" 500 187600
"GET /api/salary/allowance-types/?page_size=50 HTTP/1.1" 200 1218
Internal Server Error: /api/employees/
Traceback (most recent call last):
  File "C:\Users\benic\Documents\NetBeansProjects\HTML\hrpro\backend\venv\Lib\site-packages\django\db\backends\utils.py", line 89, in _execute
    return self.cursor.execute(sql, params)
           ^^^^^^^^^^^^^^^^^^^^^^^^^^^^^^^^
psycopg2.errors.UndefinedColumn: column departments_position.basic_salary does not exist
LINE 1: ...."department_id", "departments_position"."grade", "departmen...
                                                             ^


The above exception was the direct cause of the following exception:

Traceback (most recent call last):
  File "C:\Users\benic\Documents\NetBeansProjects\HTML\hrpro\backend\venv\Lib\site-packages\django\core\handlers\exception.py", line 55, in inner
    response = get_response(request)
               ^^^^^^^^^^^^^^^^^^^^^
  File "C:\Users\benic\Documents\NetBeansProjects\HTML\hrpro\backend\venv\Lib\site-packages\django\core\handlers\base.py", line 197, in _get_response
    response = wrapped_callback(request, *callback_args, **callback_kwargs)
               ^^^^^^^^^^^^^^^^^^^^^^^^^^^^^^^^^^^^^^^^^^^^^^^^^^^^^^^^^^^^
  File "C:\Users\benic\Documents\NetBeansProjects\HTML\hrpro\backend\venv\Lib\site-packages\django\views\decorators\csrf.py", line 56, in wrapper_view
    return view_func(*args, **kwargs)
           ^^^^^^^^^^^^^^^^^^^^^^^^^^
  File "C:\Users\benic\Documents\NetBeansProjects\HTML\hrpro\backend\venv\Lib\site-packages\django\views\generic\base.py", line 104, in view
    return self.dispatch(request, *args, **kwargs)
           ^^^^^^^^^^^^^^^^^^^^^^^^^^^^^^^^^^^^^^^
  File "C:\Users\benic\Documents\NetBeansProjects\HTML\hrpro\backend\venv\Lib\site-packages\rest_framework\views.py", line 509, in dispatch
    response = self.handle_exception(exc)
               ^^^^^^^^^^^^^^^^^^^^^^^^^^
  File "C:\Users\benic\Documents\NetBeansProjects\HTML\hrpro\backend\venv\Lib\site-packages\rest_framework\views.py", line 469, in handle_exception
    self.raise_uncaught_exception(exc)
  File "C:\Users\benic\Documents\NetBeansProjects\HTML\hrpro\backend\venv\Lib\site-packages\rest_framework\views.py", line 480, in raise_uncaught_exception
    raise exc
  File "C:\Users\benic\Documents\NetBeansProjects\HTML\hrpro\backend\venv\Lib\site-packages\rest_framework\views.py", line 506, in dispatch
    response = handler(request, *args, **kwargs)
               ^^^^^^^^^^^^^^^^^^^^^^^^^^^^^^^^^
  File "C:\Users\benic\Documents\NetBeansProjects\HTML\hrpro\backend\venv\Lib\site-packages\rest_framework\generics.py", line 243, in get
    return self.list(request, *args, **kwargs)
           ^^^^^^^^^^^^^^^^^^^^^^^^^^^^^^^^^^^
  File "C:\Users\benic\Documents\NetBeansProjects\HTML\hrpro\backend\venv\Lib\site-packages\rest_framework\mixins.py", line 40, in list
    page = self.paginate_queryset(queryset)
           ^^^^^^^^^^^^^^^^^^^^^^^^^^^^^^^^
  File "C:\Users\benic\Documents\NetBeansProjects\HTML\hrpro\backend\venv\Lib\site-packages\rest_framework\generics.py", line 175, in paginate_queryset
    return self.paginator.paginate_queryset(queryset, self.request, view=self)
           ^^^^^^^^^^^^^^^^^^^^^^^^^^^^^^^^^^^^^^^^^^^^^^^^^^^^^^^^^^^^^^^^^^^
  File "C:\Users\benic\Documents\NetBeansProjects\HTML\hrpro\backend\venv\Lib\site-packages\rest_framework\pagination.py", line 223, in paginate_queryset
    return list(self.page)
           ^^^^^^^^^^^^^^^
  File "C:\Users\benic\Documents\NetBeansProjects\HTML\hrpro\backend\venv\Lib\site-packages\django\core\paginator.py", line 174, in __len__
    return len(self.object_list)
           ^^^^^^^^^^^^^^^^^^^^^
  File "C:\Users\benic\Documents\NetBeansProjects\HTML\hrpro\backend\venv\Lib\site-packages\django\db\models\query.py", line 380, in __len__
    self._fetch_all()
  File "C:\Users\benic\Documents\NetBeansProjects\HTML\hrpro\backend\venv\Lib\site-packages\django\db\models\query.py", line 1881, in _fetch_all
    self._result_cache = list(self._iterable_class(self))
                         ^^^^^^^^^^^^^^^^^^^^^^^^^^^^^^^^
  File "C:\Users\benic\Documents\NetBeansProjects\HTML\hrpro\backend\venv\Lib\site-packages\django\db\models\query.py", line 91, in __iter__
    results = compiler.execute_sql(
              ^^^^^^^^^^^^^^^^^^^^^
  File "C:\Users\benic\Documents\NetBeansProjects\HTML\hrpro\backend\venv\Lib\site-packages\django\db\models\sql\compiler.py", line 1562, in execute_sql
    cursor.execute(sql, params)
  File "C:\Users\benic\Documents\NetBeansProjects\HTML\hrpro\backend\venv\Lib\site-packages\django\db\backends\utils.py", line 102, in execute
    return super().execute(sql, params)
           ^^^^^^^^^^^^^^^^^^^^^^^^^^^^
  File "C:\Users\benic\Documents\NetBeansProjects\HTML\hrpro\backend\venv\Lib\site-packages\django\db\backends\utils.py", line 67, in execute
    return self._execute_with_wrappers(
           ^^^^^^^^^^^^^^^^^^^^^^^^^^^^
  File "C:\Users\benic\Documents\NetBeansProjects\HTML\hrpro\backend\venv\Lib\site-packages\django\db\backends\utils.py", line 80, in _execute_with_wrappers
    return executor(sql, params, many, context)
           ^^^^^^^^^^^^^^^^^^^^^^^^^^^^^^^^^^^^
  File "C:\Users\benic\Documents\NetBeansProjects\HTML\hrpro\backend\venv\Lib\site-packages\django\db\backends\utils.py", line 84, in _execute
    with self.db.wrap_database_errors:
  File "C:\Users\benic\Documents\NetBeansProjects\HTML\hrpro\backend\venv\Lib\site-packages\django\db\utils.py", line 91, in __exit__
    raise dj_exc_value.with_traceback(traceback) from exc_value
  File "C:\Users\benic\Documents\NetBeansProjects\HTML\hrpro\backend\venv\Lib\site-packages\django\db\backends\utils.py", line 89, in _execute
    return self.cursor.execute(sql, params)
           ^^^^^^^^^^^^^^^^^^^^^^^^^^^^^^^^
django.db.utils.ProgrammingError: column departments_position.basic_salary does not exist
LINE 1: ...."department_id", "departments_position"."grade", "departmen...
                                                             ^

"GET /api/employees/?page_size=1 HTTP/1.1" 500 192360
Internal Server Error: /api/employees/
Traceback (most recent call last):
  File "C:\Users\benic\Documents\NetBeansProjects\HTML\hrpro\backend\venv\Lib\site-packages\django\db\backends\utils.py", line 89, in _execute
    return self.cursor.execute(sql, params)
           ^^^^^^^^^^^^^^^^^^^^^^^^^^^^^^^^
psycopg2.errors.UndefinedColumn: column departments_position.basic_salary does not exist
LINE 1: ...."department_id", "departments_position"."grade", "departmen...
                                                             ^


The above exception was the direct cause of the following exception:

Traceback (most recent call last):
  File "C:\Users\benic\Documents\NetBeansProjects\HTML\hrpro\backend\venv\Lib\site-packages\django\core\handlers\exception.py", line 55, in inner
    response = get_response(request)
               ^^^^^^^^^^^^^^^^^^^^^
  File "C:\Users\benic\Documents\NetBeansProjects\HTML\hrpro\backend\venv\Lib\site-packages\django\core\handlers\base.py", line 197, in _get_response
    response = wrapped_callback(request, *callback_args, **callback_kwargs)
               ^^^^^^^^^^^^^^^^^^^^^^^^^^^^^^^^^^^^^^^^^^^^^^^^^^^^^^^^^^^^
  File "C:\Users\benic\Documents\NetBeansProjects\HTML\hrpro\backend\venv\Lib\site-packages\django\views\decorators\csrf.py", line 56, in wrapper_view
    return view_func(*args, **kwargs)
           ^^^^^^^^^^^^^^^^^^^^^^^^^^
  File "C:\Users\benic\Documents\NetBeansProjects\HTML\hrpro\backend\venv\Lib\site-packages\django\views\generic\base.py", line 104, in view
    return self.dispatch(request, *args, **kwargs)
           ^^^^^^^^^^^^^^^^^^^^^^^^^^^^^^^^^^^^^^^
  File "C:\Users\benic\Documents\NetBeansProjects\HTML\hrpro\backend\venv\Lib\site-packages\rest_framework\views.py", line 509, in dispatch
    response = self.handle_exception(exc)
               ^^^^^^^^^^^^^^^^^^^^^^^^^^
  File "C:\Users\benic\Documents\NetBeansProjects\HTML\hrpro\backend\venv\Lib\site-packages\rest_framework\views.py", line 469, in handle_exception
    self.raise_uncaught_exception(exc)
  File "C:\Users\benic\Documents\NetBeansProjects\HTML\hrpro\backend\venv\Lib\site-packages\rest_framework\views.py", line 480, in raise_uncaught_exception
    raise exc
  File "C:\Users\benic\Documents\NetBeansProjects\HTML\hrpro\backend\venv\Lib\site-packages\rest_framework\views.py", line 506, in dispatch
    response = handler(request, *args, **kwargs)
               ^^^^^^^^^^^^^^^^^^^^^^^^^^^^^^^^^
  File "C:\Users\benic\Documents\NetBeansProjects\HTML\hrpro\backend\venv\Lib\site-packages\rest_framework\generics.py", line 243, in get
    return self.list(request, *args, **kwargs)
           ^^^^^^^^^^^^^^^^^^^^^^^^^^^^^^^^^^^
  File "C:\Users\benic\Documents\NetBeansProjects\HTML\hrpro\backend\venv\Lib\site-packages\rest_framework\mixins.py", line 40, in list
    page = self.paginate_queryset(queryset)
           ^^^^^^^^^^^^^^^^^^^^^^^^^^^^^^^^
  File "C:\Users\benic\Documents\NetBeansProjects\HTML\hrpro\backend\venv\Lib\site-packages\rest_framework\generics.py", line 175, in paginate_queryset
    return self.paginator.paginate_queryset(queryset, self.request, view=self)
           ^^^^^^^^^^^^^^^^^^^^^^^^^^^^^^^^^^^^^^^^^^^^^^^^^^^^^^^^^^^^^^^^^^^
  File "C:\Users\benic\Documents\NetBeansProjects\HTML\hrpro\backend\venv\Lib\site-packages\rest_framework\pagination.py", line 223, in paginate_queryset
    return list(self.page)
           ^^^^^^^^^^^^^^^
  File "C:\Users\benic\Documents\NetBeansProjects\HTML\hrpro\backend\venv\Lib\site-packages\django\core\paginator.py", line 174, in __len__
    return len(self.object_list)
           ^^^^^^^^^^^^^^^^^^^^^
  File "C:\Users\benic\Documents\NetBeansProjects\HTML\hrpro\backend\venv\Lib\site-packages\django\db\models\query.py", line 380, in __len__
    self._fetch_all()
  File "C:\Users\benic\Documents\NetBeansProjects\HTML\hrpro\backend\venv\Lib\site-packages\django\db\models\query.py", line 1881, in _fetch_all
    self._result_cache = list(self._iterable_class(self))
                         ^^^^^^^^^^^^^^^^^^^^^^^^^^^^^^^^
  File "C:\Users\benic\Documents\NetBeansProjects\HTML\hrpro\backend\venv\Lib\site-packages\django\db\models\query.py", line 91, in __iter__
    results = compiler.execute_sql(
              ^^^^^^^^^^^^^^^^^^^^^
  File "C:\Users\benic\Documents\NetBeansProjects\HTML\hrpro\backend\venv\Lib\site-packages\django\db\models\sql\compiler.py", line 1562, in execute_sql
    cursor.execute(sql, params)
  File "C:\Users\benic\Documents\NetBeansProjects\HTML\hrpro\backend\venv\Lib\site-packages\django\db\backends\utils.py", line 102, in execute
    return super().execute(sql, params)
           ^^^^^^^^^^^^^^^^^^^^^^^^^^^^
  File "C:\Users\benic\Documents\NetBeansProjects\HTML\hrpro\backend\venv\Lib\site-packages\django\db\backends\utils.py", line 67, in execute
    return self._execute_with_wrappers(
           ^^^^^^^^^^^^^^^^^^^^^^^^^^^^
  File "C:\Users\benic\Documents\NetBeansProjects\HTML\hrpro\backend\venv\Lib\site-packages\django\db\backends\utils.py", line 80, in _execute_with_wrappers
    return executor(sql, params, many, context)
           ^^^^^^^^^^^^^^^^^^^^^^^^^^^^^^^^^^^^
  File "C:\Users\benic\Documents\NetBeansProjects\HTML\hrpro\backend\venv\Lib\site-packages\django\db\backends\utils.py", line 84, in _execute
    with self.db.wrap_database_errors:
  File "C:\Users\benic\Documents\NetBeansProjects\HTML\hrpro\backend\venv\Lib\site-packages\django\db\utils.py", line 91, in __exit__
    raise dj_exc_value.with_traceback(traceback) from exc_value
  File "C:\Users\benic\Documents\NetBeansProjects\HTML\hrpro\backend\venv\Lib\site-packages\django\db\backends\utils.py", line 89, in _execute
    return self.cursor.execute(sql, params)
           ^^^^^^^^^^^^^^^^^^^^^^^^^^^^^^^^
django.db.utils.ProgrammingError: column departments_position.basic_salary does not exist
LINE 1: ...."department_id", "departments_position"."grade", "departmen...
                                                             ^

"GET /api/employees/?page_size=1 HTTP/1.1" 500 192360
"GET /api/auth/users/ HTTP/1.1" 200 309
C:\Users\benic\Documents\NetBeansProjects\HTML\hrpro\backend\apps\payroll\utils.py changed, reloading.
Watching for file changes with StatReloader
C:\Users\benic\Documents\NetBeansProjects\HTML\hrpro\backend\apps\accounts\models.py changed, reloading.
Watching for file changes with StatReloader
C:\Users\benic\Documents\NetBeansProjects\HTML\hrpro\backend\apps\employees\models.py changed, reloading.
Watching for file changes with StatReloader
C:\Users\benic\Documents\NetBeansProjects\HTML\hrpro\backend\apps\attendance\serializers.py changed, reloading.
Watching for file changes with StatReloader
C:\Users\benic\Documents\NetBeansProjects\HTML\hrpro\backend\apps\payroll\views.py changed, reloading.
Watching for file changes with StatReloader
Watching for file changes with StatReloader
"GET /api/leave/requests/?status=PENDING&page_size=1 HTTP/1.1" 200 52
"GET /api/payroll/runs/?month=6&year=2026 HTTP/1.1" 200 52
"GET /api/leave/requests/?page_size=5 HTTP/1.1" 200 52
"GET /api/employees/?page_size=1 HTTP/1.1" 200 349
"GET /api/attendance/?date=2026-06-04&status=PRESENT&page_size=1 HTTP/1.1" 200 52
Not Found: /api/reports/payroll-summary/
"GET /api/reports/payroll-summary/?month=6&year=2026&include_allowances=false HTTP/1.1" 404 48
"OPTIONS /api/leave/types/?page_size=50 HTTP/1.1" 200 0
"GET /api/leave/types/?page_size=50 HTTP/1.1" 200 1813
"OPTIONS /api/employees/?page=1 HTTP/1.1" 200 0
"OPTIONS /api/departments/?simple=true&page_size=100 HTTP/1.1" 200 0
"GET /api/departments/?simple=true&page_size=100 HTTP/1.1" 200 183
"GET /api/employees/?page=1 HTTP/1.1" 200 349
"OPTIONS /api/departments/?page_size=100 HTTP/1.1" 200 0
"OPTIONS /api/departments/positions/?page_size=200 HTTP/1.1" 200 0
"GET /api/departments/positions/?page_size=200 HTTP/1.1" 200 686
"GET /api/departments/?page_size=100 HTTP/1.1" 200 1426
"GET /api/departments/positions/?page_size=200 HTTP/1.1" 200 686
"GET /api/departments/?page_size=100 HTTP/1.1" 200 1426
"GET /api/departments/?simple=true&page_size=100 HTTP/1.1" 200 183
"GET /api/employees/?page=1 HTTP/1.1" 200 349
"GET /api/departments/?page_size=100 HTTP/1.1" 200 1426
"OPTIONS /api/performance/cycles/ HTTP/1.1" 200 0
"OPTIONS /api/employees/?page_size=100 HTTP/1.1" 200 0
"GET /api/performance/cycles/ HTTP/1.1" 200 52
"GET /api/employees/?page_size=100 HTTP/1.1" 200 349
"OPTIONS /api/performance/reviews/ HTTP/1.1" 200 0
"GET /api/performance/reviews/ HTTP/1.1" 200 52
- Broken pipe from ('127.0.0.1', 61048)
- Broken pipe from ('127.0.0.1', 56037)
- Broken pipe from ('127.0.0.1', 56744)
"GET /api/performance/cycles/ HTTP/1.1" 200 52
"GET /api/performance/reviews/ HTTP/1.1" 200 52
"GET /api/employees/?page_size=100 HTTP/1.1" 200 349
"OPTIONS /api/employees/?page_size=1 HTTP/1.1" 200 0
"OPTIONS /api/attendance/?date=2026-06-04&status=PRESENT&page_size=1 HTTP/1.1" 200 0
"OPTIONS /api/leave/requests/?status=PENDING&page_size=1 HTTP/1.1" 200 0
"OPTIONS /api/payroll/runs/?month=6&year=2026 HTTP/1.1" 200 0
"OPTIONS /api/leave/requests/?page_size=5 HTTP/1.1" 200 0
"GET /api/attendance/?date=2026-06-04&status=PRESENT&page_size=1 HTTP/1.1" 200 52
"GET /api/employees/?page_size=1 HTTP/1.1" 200 349
"GET /api/leave/requests/?status=PENDING&page_size=1 HTTP/1.1" 200 52
"GET /api/payroll/runs/?month=6&year=2026 HTTP/1.1" 200 52
"GET /api/leave/requests/?page_size=5 HTTP/1.1" 200 52
"GET /api/employees/?page=1 HTTP/1.1" 200 349
"GET /api/departments/?simple=true&page_size=100 HTTP/1.1" 200 183
"GET /api/departments/positions/?page_size=200 HTTP/1.1" 200 686
"GET /api/departments/?page_size=100 HTTP/1.1" 200 1426
"OPTIONS /api/payroll/runs/ HTTP/1.1" 200 0
"GET /api/payroll/runs/ HTTP/1.1" 200 412
"OPTIONS /api/payroll/runs/1/ HTTP/1.1" 200 0
"GET /api/payroll/runs/1/ HTTP/1.1" 200 374
C:\Users\benic\Documents\NetBeansProjects\HTML\hrpro\backend\apps\payroll\views.py changed, reloading.
Watching for file changes with StatReloader
C:\Users\benic\Documents\NetBeansProjects\HTML\hrpro\backend\apps\payroll\views.py changed, reloading.
Watching for file changes with StatReloader
C:\Users\benic\Documents\NetBeansProjects\HTML\hrpro\backend\apps\payroll\urls.py changed, reloading.
Watching for file changes with StatReloader
C:\Users\benic\Documents\NetBeansProjects\HTML\hrpro\backend\apps\payroll\views.py changed, reloading.
Watching for file changes with StatReloader
- Broken pipe from ('127.0.0.1', 52109)
"GET /api/payroll/runs/ HTTP/1.1" 200 412
"OPTIONS /api/loans/? HTTP/1.1" 200 0
"OPTIONS /api/employees/?employment_status=ACTIVE&page_size=200 HTTP/1.1" 200 0
"GET /api/loans/? HTTP/1.1" 200 52
"GET /api/employees/?employment_status=ACTIVE&page_size=200 HTTP/1.1" 200 349
"GET /api/employees/?page=1 HTTP/1.1" 200 349
"GET /api/departments/?simple=true&page_size=100 HTTP/1.1" 200 183
"OPTIONS /api/employees/1/ HTTP/1.1" 200 0
"GET /api/employees/1/ HTTP/1.1" 200 877
"OPTIONS /api/departments/positions/?department=1&page_size=100 HTTP/1.1" 200 0
"GET /api/departments/positions/?department=1&page_size=100 HTTP/1.1" 200 271
"OPTIONS /api/departments/positions/?department=3&page_size=100 HTTP/1.1" 200 0
"GET /api/departments/positions/?department=3&page_size=100 HTTP/1.1" 200 260
"GET /api/departments/positions/?department=1&page_size=100 HTTP/1.1" 200 271
"PATCH /api/employees/1/ HTTP/1.1" 200 877
"GET /api/employees/1/ HTTP/1.1" 200 877
"GET /api/departments/?page_size=100 HTTP/1.1" 200 1426
"GET /api/departments/positions/?department=1&page_size=100 HTTP/1.1" 200 271
"GET /api/employees/?page=1 HTTP/1.1" 200 349
"GET /api/payroll/runs/ HTTP/1.1" 200 412
"OPTIONS /api/payroll/runs/1/reopen/ HTTP/1.1" 200 0
"POST /api/payroll/runs/1/reopen/ HTTP/1.1" 200 80
"GET /api/payroll/runs/ HTTP/1.1" 200 383
"GET /api/payroll/runs/1/ HTTP/1.1" 200 345
"OPTIONS /api/payroll/runs/1/process/ HTTP/1.1" 200 0
"POST /api/payroll/runs/1/process/ HTTP/1.1" 200 88
"GET /api/payroll/runs/1/ HTTP/1.1" 200 997
"POST /api/payroll/runs/1/reopen/ HTTP/1.1" 200 80
"GET /api/payroll/runs/1/ HTTP/1.1" 200 345
"GET /api/payroll/runs/1/ HTTP/1.1" 200 345
"GET /api/payroll/runs/ HTTP/1.1" 200 383
"POST /api/payroll/runs/1/process/ HTTP/1.1" 200 88
"GET /api/payroll/runs/1/ HTTP/1.1" 200 1031
"GET /api/payroll/runs/ HTTP/1.1" 200 424
"GET /api/departments/?page_size=100 HTTP/1.1" 200 1441
"GET /api/departments/positions/?page_size=200 HTTP/1.1" 200 701
"GET /api/performance/cycles/ HTTP/1.1" 200 52
"GET /api/performance/reviews/ HTTP/1.1" 200 52
"GET /api/employees/?page_size=100 HTTP/1.1" 200 349
"GET /api/payroll/runs/ HTTP/1.1" 200 424
"OPTIONS /api/salary/allowance-types/?page_size=50 HTTP/1.1" 200 0
"GET /api/salary/allowance-types/?page_size=50 HTTP/1.1" 200 1218
"OPTIONS /api/salary/payroll-settings/ HTTP/1.1" 200 0
"OPTIONS /api/salary/paye-bands/ HTTP/1.1" 200 0
"GET /api/salary/payroll-settings/ HTTP/1.1" 200 406
"GET /api/salary/paye-bands/ HTTP/1.1" 200 774
"OPTIONS /api/reports/payroll-summary/?month=6&year=2026&include_allowances=false HTTP/1.1" 200 0
Not Found: /api/reports/payroll-summary/
"GET /api/reports/payroll-summary/?month=6&year=2026&include_allowances=false HTTP/1.1" 404 48
"OPTIONS /api/reports/ssnit/?month=6&year=2026 HTTP/1.1" 200 0
Not Found: /api/reports/ssnit/
"GET /api/reports/ssnit/?month=6&year=2026 HTTP/1.1" 404 48
"OPTIONS /api/reports/gra/?month=6&year=2026 HTTP/1.1" 200 0
Not Found: /api/reports/gra/
"GET /api/reports/gra/?month=6&year=2026 HTTP/1.1" 404 48
Not Found: /api/reports/payroll-summary/
"GET /api/reports/payroll-summary/?month=6&year=2026&include_allowances=false HTTP/1.1" 404 48
"OPTIONS /api/reports/payroll-summary/?month=4&year=2026&include_allowances=false HTTP/1.1" 200 0
"GET /api/reports/payroll-summary/?month=4&year=2026&include_allowances=false HTTP/1.1" 200 1145
"OPTIONS /api/reports/payroll-summary/?month=4&year=2026&include_allowances=true HTTP/1.1" 200 0
"GET /api/reports/payroll-summary/?month=4&year=2026&include_allowances=true HTTP/1.1" 200 1161
"OPTIONS /api/reports/bank-schedule/?month=4&year=2026 HTTP/1.1" 200 0
"GET /api/reports/bank-schedule/?month=4&year=2026 HTTP/1.1" 200 242
"OPTIONS /api/reports/ssnit/?month=4&year=2026 HTTP/1.1" 200 0
"GET /api/reports/ssnit/?month=4&year=2026 HTTP/1.1" 200 406
"GET /api/loans/? HTTP/1.1" 200 52
"GET /api/employees/?employment_status=ACTIVE&page_size=200 HTTP/1.1" 200 349
"OPTIONS /api/attendance/?date=2026-06-04 HTTP/1.1" 200 0
"GET /api/attendance/?date=2026-06-04 HTTP/1.1" 200 52
"OPTIONS /api/leave/requests/ HTTP/1.1" 200 0
"OPTIONS /api/leave/types/ HTTP/1.1" 200 0
"OPTIONS /api/leave/balances/?year=2026 HTTP/1.1" 200 0
"GET /api/leave/requests/ HTTP/1.1" 200 52
"GET /api/leave/types/ HTTP/1.1" 200 1813
"GET /api/leave/balances/?year=2026 HTTP/1.1" 200 52
"GET /api/performance/cycles/ HTTP/1.1" 200 52
"GET /api/performance/reviews/ HTTP/1.1" 200 52
C:\Users\benic\Documents\NetBeansProjects\HTML\hrpro\backend\apps\payroll\serializers.py changed, reloading.
Watching for file changes with StatReloader
C:\Users\benic\Documents\NetBeansProjects\HTML\hrpro\backend\apps\payroll\serializers.py changed, reloading.
Watching for file changes with StatReloader
C:\Users\benic\Documents\NetBeansProjects\HTML\hrpro\backend\apps\payroll\views.py changed, reloading.
Watching for file changes with StatReloader
C:\Users\benic\Documents\NetBeansProjects\HTML\hrpro\backend\apps\payroll\urls.py changed, reloading.
Watching for file changes with StatReloader
C:\Users\benic\Documents\NetBeansProjects\HTML\hrpro\backend\apps\payroll\urls.py changed, reloading.
Watching for file changes with StatReloader
- Broken pipe from ('127.0.0.1', 55264)
- Broken pipe from ('127.0.0.1', 49845)
- Broken pipe from ('127.0.0.1', 49670)
"GET /api/performance/cycles/ HTTP/1.1" 200 52
"GET /api/performance/reviews/ HTTP/1.1" 200 52
"GET /api/employees/?page_size=100 HTTP/1.1" 200 349
"GET /api/payroll/runs/ HTTP/1.1" 200 424
"POST /api/payroll/runs/1/reopen/ HTTP/1.1" 200 80
"GET /api/payroll/runs/ HTTP/1.1" 200 383
"GET /api/payroll/runs/1/ HTTP/1.1" 200 345
"POST /api/payroll/runs/1/process/ HTTP/1.1" 200 88
"GET /api/payroll/runs/1/ HTTP/1.1" 200 1100
"OPTIONS /api/payroll/runs/1/finalize/ HTTP/1.1" 200 0
"POST /api/payroll/runs/1/finalize/ HTTP/1.1" 200 34
"GET /api/payroll/runs/1/ HTTP/1.1" 200 1100
"OPTIONS /api/payroll/payslips/3/send/ HTTP/1.1" 200 0
Internal Server Error: /api/payroll/payslips/3/send/
"POST /api/payroll/payslips/3/send/ HTTP/1.1" 500 222
C:\Users\benic\Documents\NetBeansProjects\HTML\hrpro\backend\hrpro_backend\settings.py changed, reloading.
Watching for file changes with StatReloader
C:\Users\benic\Documents\NetBeansProjects\HTML\hrpro\backend\apps\payroll\views.py changed, reloading.
Watching for file changes with StatReloader
C:\Users\benic\Documents\NetBeansProjects\HTML\hrpro\backend\apps\payroll\views.py changed, reloading.
Watching for file changes with StatReloader
"GET /api/payroll/runs/1/ HTTP/1.1" 200 1100
C:\Users\benic\Documents\NetBeansProjects\HTML\hrpro\backend\apps\payroll\utils.py changed, reloading.
Watching for file changes with StatReloader
C:\Users\benic\Documents\NetBeansProjects\HTML\hrpro\backend\apps\payroll\views.py changed, reloading.
Watching for file changes with StatReloader
C:\Users\benic\Documents\NetBeansProjects\HTML\hrpro\backend\apps\payroll\views.py changed, reloading.
Watching for file changes with StatReloader
C:\Users\benic\Documents\NetBeansProjects\HTML\hrpro\backend\apps\payroll\views.py changed, reloading.
Watching for file changes with StatReloader
C:\Users\benic\Documents\NetBeansProjects\HTML\hrpro\backend\apps\payroll\views.py changed, reloading.
Watching for file changes with StatReloader
C:\Users\benic\Documents\NetBeansProjects\HTML\hrpro\backend\apps\payroll\views.py changed, reloading.
Watching for file changes with StatReloader
C:\Users\benic\Documents\NetBeansProjects\HTML\hrpro\backend\apps\payroll\urls.py changed, reloading.
Watching for file changes with StatReloader
C:\Users\benic\Documents\NetBeansProjects\HTML\hrpro\backend\apps\payroll\urls.py changed, reloading.
Watching for file changes with StatReloader
C:\Users\benic\Documents\NetBeansProjects\HTML\hrpro\backend\apps\salary\models.py changed, reloading.
Watching for file changes with StatReloader
C:\Users\benic\Documents\NetBeansProjects\HTML\hrpro\backend\apps\salary\serializers.py changed, reloading.
Watching for file changes with StatReloader
C:\Users\benic\Documents\NetBeansProjects\HTML\hrpro\backend\apps\salary\serializers.py changed, reloading.
Watching for file changes with StatReloader
C:\Users\benic\Documents\NetBeansProjects\HTML\hrpro\backend\apps\salary\views.py changed, reloading.
Watching for file changes with StatReloader
C:\Users\benic\Documents\NetBeansProjects\HTML\hrpro\backend\apps\salary\views.py changed, reloading.
Watching for file changes with StatReloader
C:\Users\benic\Documents\NetBeansProjects\HTML\hrpro\backend\apps\salary\views.py changed, reloading.
Watching for file changes with StatReloader
C:\Users\benic\Documents\NetBeansProjects\HTML\hrpro\backend\apps\salary\urls.py changed, reloading.
Watching for file changes with StatReloader
C:\Users\benic\Documents\NetBeansProjects\HTML\hrpro\backend\apps\salary\urls.py changed, reloading.
Watching for file changes with StatReloader
C:\Users\benic\Documents\NetBeansProjects\HTML\hrpro\backend\apps\payroll\utils.py changed, reloading.
Watching for file changes with StatReloader
C:\Users\benic\Documents\NetBeansProjects\HTML\hrpro\backend\apps\payroll\utils.py changed, reloading.
Watching for file changes with StatReloader
"GET /api/payroll/runs/1/ HTTP/1.1" 200 1100
"GET /api/payroll/runs/1/ HTTP/1.1" 200 1100
"OPTIONS /api/payroll/payslips/3/pdf/ HTTP/1.1" 200 0
"GET /api/payroll/payslips/3/pdf/ HTTP/1.1" 200 3017
C:\Users\benic\Documents\NetBeansProjects\HTML\hrpro\backend\apps\payroll\utils.py changed, reloading.
Watching for file changes with StatReloader
C:\Users\benic\Documents\NetBeansProjects\HTML\hrpro\backend\apps\payroll\utils.py changed, reloading.
Watching for file changes with StatReloader
C:\Users\benic\Documents\NetBeansProjects\HTML\hrpro\backend\apps\payroll\utils.py changed, reloading.
Watching for file changes with StatReloader
C:\Users\benic\Documents\NetBeansProjects\HTML\hrpro\backend\apps\payroll\utils.py changed, reloading.
Watching for file changes with StatReloader
C:\Users\benic\Documents\NetBeansProjects\HTML\hrpro\backend\apps\payroll\utils.py changed, reloading.
Watching for file changes with StatReloader
C:\Users\benic\Documents\NetBeansProjects\HTML\hrpro\backend\apps\payroll\utils.py changed, reloading.
Watching for file changes with StatReloader
C:\Users\benic\Documents\NetBeansProjects\HTML\hrpro\backend\apps\payroll\utils.py changed, reloading.
Watching for file changes with StatReloader
C:\Users\benic\Documents\NetBeansProjects\HTML\hrpro\backend\apps\payroll\utils.py changed, reloading.
Watching for file changes with StatReloader
C:\Users\benic\Documents\NetBeansProjects\HTML\hrpro\backend\apps\payroll\utils.py changed, reloading.
Watching for file changes with StatReloader
C:\Users\benic\Documents\NetBeansProjects\HTML\hrpro\backend\apps\payroll\utils.py changed, reloading.
Watching for file changes with StatReloader
"GET /api/payroll/payslips/3/pdf/ HTTP/1.1" 200 3023
C:\Users\benic\Documents\NetBeansProjects\HTML\hrpro\backend\apps\payroll\utils.py changed, reloading.
Watching for file changes with StatReloader
C:\Users\benic\Documents\NetBeansProjects\HTML\hrpro\backend\apps\payroll\utils.py changed, reloading.
Watching for file changes with StatReloader
"GET /api/payroll/runs/1/ HTTP/1.1" 200 1100
"OPTIONS /api/payroll/runs/1/ HTTP/1.1" 200 0
"GET /api/payroll/runs/1/ HTTP/1.1" 200 1100
"OPTIONS /api/payroll/payslips/3/pdf/ HTTP/1.1" 200 0
"GET /api/payroll/payslips/3/pdf/ HTTP/1.1" 200 2993
"OPTIONS /api/salary/business-profile/ HTTP/1.1" 200 0
"OPTIONS /api/salary/payroll-settings/ HTTP/1.1" 200 0
"OPTIONS /api/salary/paye-bands/ HTTP/1.1" 200 0
"GET /api/salary/business-profile/ HTTP/1.1" 200 169
"GET /api/salary/payroll-settings/ HTTP/1.1" 200 406
"GET /api/salary/paye-bands/ HTTP/1.1" 200 774
"OPTIONS /api/reports/payroll-summary/?month=6&year=2026&include_allowances=false HTTP/1.1" 200 0
Not Found: /api/reports/payroll-summary/
"GET /api/reports/payroll-summary/?month=6&year=2026&include_allowances=false HTTP/1.1" 404 48
"OPTIONS /api/reports/payroll-summary/?month=4&year=2026&include_allowances=false HTTP/1.1" 200 0
"GET /api/reports/payroll-summary/?month=4&year=2026&include_allowances=false HTTP/1.1" 200 1145
"OPTIONS /api/attendance/?date=2026-06-04&status=PRESENT&page_size=1 HTTP/1.1" 200 0
"OPTIONS /api/leave/requests/?status=PENDING&page_size=1 HTTP/1.1" 200 0
"OPTIONS /api/employees/?page_size=1 HTTP/1.1" 200 0
"OPTIONS /api/leave/requests/?page_size=5 HTTP/1.1" 200 0
"OPTIONS /api/payroll/runs/?month=6&year=2026 HTTP/1.1" 200 0
"GET /api/payroll/runs/?month=6&year=2026 HTTP/1.1" 200 52
"GET /api/leave/requests/?status=PENDING&page_size=1 HTTP/1.1" 200 52
"GET /api/employees/?page_size=1 HTTP/1.1" 200 349
"GET /api/leave/requests/?page_size=5 HTTP/1.1" 200 52
"GET /api/attendance/?date=2026-06-04&status=PRESENT&page_size=1 HTTP/1.1" 200 52
"OPTIONS /api/leave/requests/ HTTP/1.1" 200 0
"OPTIONS /api/leave/types/ HTTP/1.1" 200 0
"OPTIONS /api/leave/balances/?year=2026 HTTP/1.1" 200 0
"GET /api/leave/requests/ HTTP/1.1" 200 52
"GET /api/leave/balances/?year=2026 HTTP/1.1" 200 52
"GET /api/leave/types/ HTTP/1.1" 200 1813
C:\Users\benic\Documents\NetBeansProjects\HTML\hrpro\backend\apps\leave\models.py changed, reloading.
Watching for file changes with StatReloader
C:\Users\benic\Documents\NetBeansProjects\HTML\hrpro\backend\apps\leave\serializers.py changed, reloading.
Watching for file changes with StatReloader
C:\Users\benic\Documents\NetBeansProjects\HTML\hrpro\backend\apps\accounts\permissions.py changed, reloading.
Watching for file changes with StatReloader
C:\Users\benic\Documents\NetBeansProjects\HTML\hrpro\backend\apps\leave\views.py changed, reloading.
Watching for file changes with StatReloader
C:\Users\benic\Documents\NetBeansProjects\HTML\hrpro\backend\apps\leave\views.py changed, reloading.
Watching for file changes with StatReloader
C:\Users\benic\Documents\NetBeansProjects\HTML\hrpro\backend\apps\leave\migrations\0002_multi_stage_approval.py changed, reloading.
Watching for file changes with StatReloader
Unauthorized: /api/leave/types/
Unauthorized: /api/leave/requests/
Unauthorized: /api/leave/balances/
"GET /api/leave/balances/?year=2026 HTTP/1.1" 401 183
"GET /api/leave/requests/ HTTP/1.1" 401 183
"GET /api/leave/types/ HTTP/1.1" 401 183
"OPTIONS /api/auth/token/refresh/ HTTP/1.1" 200 0
"POST /api/auth/token/refresh/ HTTP/1.1" 200 483
"POST /api/auth/token/refresh/ HTTP/1.1" 200 483
"POST /api/auth/token/refresh/ HTTP/1.1" 200 483
"GET /api/leave/balances/?year=2026 HTTP/1.1" 200 52
"GET /api/leave/requests/ HTTP/1.1" 200 52
"GET /api/leave/types/ HTTP/1.1" 200 1813
"OPTIONS /api/employees/?page=1 HTTP/1.1" 200 0
"OPTIONS /api/departments/?simple=true&page_size=100 HTTP/1.1" 200 0
"GET /api/departments/?simple=true&page_size=100 HTTP/1.1" 200 183
"GET /api/employees/?page=1 HTTP/1.1" 200 349
"OPTIONS /api/departments/?page_size=100 HTTP/1.1" 200 0
"OPTIONS /api/departments/positions/?page_size=200 HTTP/1.1" 200 0
"GET /api/departments/positions/?page_size=200 HTTP/1.1" 200 701
"GET /api/departments/?page_size=100 HTTP/1.1" 200 1441
"OPTIONS /api/payroll/runs/ HTTP/1.1" 200 0
"GET /api/payroll/runs/ HTTP/1.1" 200 424
"OPTIONS /api/performance/cycles/ HTTP/1.1" 200 0
"OPTIONS /api/performance/reviews/ HTTP/1.1" 200 0
"OPTIONS /api/employees/?page_size=100 HTTP/1.1" 200 0
"GET /api/performance/reviews/ HTTP/1.1" 200 52
"GET /api/performance/cycles/ HTTP/1.1" 200 52
"GET /api/employees/?page_size=100 HTTP/1.1" 200 349
"GET /api/performance/cycles/ HTTP/1.1" 200 52
"GET /api/performance/reviews/ HTTP/1.1" 200 52
"GET /api/employees/?page_size=100 HTTP/1.1" 200 349
"GET /api/employees/?page_size=1 HTTP/1.1" 200 349
"GET /api/leave/requests/?status=PENDING&page_size=1 HTTP/1.1" 200 52
"GET /api/payroll/runs/?month=6&year=2026 HTTP/1.1" 200 52
"GET /api/leave/requests/?page_size=5 HTTP/1.1" 200 52
"GET /api/attendance/?date=2026-06-04&status=PRESENT&page_size=1 HTTP/1.1" 200 52
C:\Users\benic\Documents\NetBeansProjects\HTML\hrpro\backend\apps\payroll\views.py changed, reloading.
Watching for file changes with StatReloader
C:\Users\benic\Documents\NetBeansProjects\HTML\hrpro\backend\apps\payroll\views.py changed, reloading.
Watching for file changes with StatReloader
C:\Users\benic\Documents\NetBeansProjects\HTML\hrpro\backend\apps\payroll\urls.py changed, reloading.
Watching for file changes with StatReloader
"OPTIONS /api/payroll/trends/ HTTP/1.1" 200 0
"GET /api/payroll/trends/ HTTP/1.1" 200 134
"GET /api/payroll/runs/?month=6&year=2026 HTTP/1.1" 200 52
"GET /api/leave/requests/?status=PENDING&page_size=1 HTTP/1.1" 200 52
"GET /api/leave/requests/?page_size=5 HTTP/1.1" 200 52
"GET /api/employees/?page_size=1 HTTP/1.1" 200 349
"GET /api/attendance/?date=2026-06-04&status=PRESENT&page_size=1 HTTP/1.1" 200 52
"GET /api/attendance/?date=2026-06-04&status=PRESENT&page_size=1 HTTP/1.1" 200 52
"GET /api/employees/?page_size=1 HTTP/1.1" 200 349
"GET /api/leave/requests/?status=PENDING&page_size=1 HTTP/1.1" 200 52
"GET /api/payroll/trends/ HTTP/1.1" 200 134
"GET /api/payroll/runs/?month=6&year=2026 HTTP/1.1" 200 52
"GET /api/leave/requests/?page_size=5 HTTP/1.1" 200 52
"GET /api/performance/cycles/ HTTP/1.1" 200 52
"GET /api/employees/?page_size=100 HTTP/1.1" 200 349
"GET /api/performance/reviews/ HTTP/1.1" 200 52
C:\Users\benic\Documents\NetBeansProjects\HTML\hrpro\backend\apps\performance\views.py changed, reloading.
Watching for file changes with StatReloader
"GET /api/performance/reviews/ HTTP/1.1" 200 52
"GET /api/performance/cycles/ HTTP/1.1" 200 52
"GET /api/employees/?page_size=100 HTTP/1.1" 200 349
"GET /api/performance/cycles/ HTTP/1.1" 200 52
"GET /api/performance/reviews/ HTTP/1.1" 200 52
"GET /api/employees/?page_size=100 HTTP/1.1" 200 349
Bad Request: /api/performance/reviews/
"POST /api/performance/reviews/ HTTP/1.1" 400 41
Bad Request: /api/performance/reviews/
"POST /api/performance/reviews/ HTTP/1.1" 400 41
C:\Users\benic\Documents\NetBeansProjects\HTML\hrpro\backend\apps\performance\views.py changed, reloading.
Watching for file changes with StatReloader
C:\Users\benic\Documents\NetBeansProjects\HTML\hrpro\backend\apps\performance\views.py changed, reloading.
Watching for file changes with StatReloader
Bad Request: /api/performance/reviews/
"POST /api/performance/reviews/ HTTP/1.1" 400 41
"GET /api/performance/cycles/ HTTP/1.1" 200 52
"GET /api/performance/reviews/ HTTP/1.1" 200 52
"GET /api/employees/?page_size=100 HTTP/1.1" 200 349
"GET /api/performance/cycles/ HTTP/1.1" 200 52
"GET /api/employees/?page_size=100 HTTP/1.1" 200 349
"GET /api/performance/reviews/ HTTP/1.1" 200 52
"GET /api/performance/cycles/ HTTP/1.1" 200 52
"GET /api/performance/reviews/ HTTP/1.1" 200 52
"GET /api/employees/?page_size=100 HTTP/1.1" 200 349
"OPTIONS /api/performance/reviews/ HTTP/1.1" 200 0
"OPTIONS /api/performance/cycles/ HTTP/1.1" 200 0
"OPTIONS /api/employees/?page_size=100 HTTP/1.1" 200 0
"GET /api/performance/reviews/ HTTP/1.1" 200 52
"GET /api/performance/cycles/ HTTP/1.1" 200 52
"GET /api/employees/?page_size=100 HTTP/1.1" 200 349
"OPTIONS /api/leave/requests/?status=PENDING&page_size=1 HTTP/1.1" 200 0
"OPTIONS /api/employees/?page_size=1 HTTP/1.1" 200 0
"OPTIONS /api/attendance/?date=2026-06-05&status=PRESENT&page_size=1 HTTP/1.1" 200 0
"OPTIONS /api/payroll/runs/?month=6&year=2026 HTTP/1.1" 200 0
"OPTIONS /api/payroll/trends/ HTTP/1.1" 200 0
"OPTIONS /api/leave/requests/?page_size=5 HTTP/1.1" 200 0
"GET /api/payroll/runs/?month=6&year=2026 HTTP/1.1" 200 52
"GET /api/leave/requests/?status=PENDING&page_size=1 HTTP/1.1" 200 52
"GET /api/leave/requests/?page_size=5 HTTP/1.1" 200 52
"GET /api/payroll/trends/ HTTP/1.1" 200 134
"GET /api/employees/?page_size=1 HTTP/1.1" 200 349
"GET /api/attendance/?date=2026-06-05&status=PRESENT&page_size=1 HTTP/1.1" 200 52
"OPTIONS /api/departments/?simple=true&page_size=100 HTTP/1.1" 200 0
"OPTIONS /api/employees/?page=1 HTTP/1.1" 200 0
"GET /api/departments/?simple=true&page_size=100 HTTP/1.1" 200 183
"GET /api/employees/?page=1 HTTP/1.1" 200 349
"OPTIONS /api/departments/positions/?page_size=200 HTTP/1.1" 200 0
"OPTIONS /api/departments/?page_size=100 HTTP/1.1" 200 0
"GET /api/departments/positions/?page_size=200 HTTP/1.1" 200 701
"GET /api/departments/?page_size=100 HTTP/1.1" 200 1441
Watching for file changes with StatReloader
"OPTIONS /api/payroll/runs/ HTTP/1.1" 200 0
"GET /api/payroll/runs/ HTTP/1.1" 200 424
"OPTIONS /api/payroll/runs/1/ HTTP/1.1" 200 0
"GET /api/payroll/runs/1/ HTTP/1.1" 200 1100
"OPTIONS /api/payroll/runs/1/send-payslips/ HTTP/1.1" 200 0
"POST /api/payroll/runs/1/send-payslips/ HTTP/1.1" 200 285
"GET /api/payroll/runs/1/ HTTP/1.1" 200 1100
"POST /api/payroll/runs/1/send-payslips/ HTTP/1.1" 200 285
"GET /api/payroll/runs/1/ HTTP/1.1" 200 1100
"OPTIONS /api/employees/?page=1 HTTP/1.1" 200 0
"OPTIONS /api/departments/?simple=true&page_size=100 HTTP/1.1" 200 0
"GET /api/departments/?simple=true&page_size=100 HTTP/1.1" 200 183
"GET /api/employees/?page=1 HTTP/1.1" 200 349
"OPTIONS /api/employees/1/ HTTP/1.1" 200 0
"GET /api/employees/1/ HTTP/1.1" 200 877
"OPTIONS /api/departments/positions/?department=1&page_size=100 HTTP/1.1" 200 0
"GET /api/departments/positions/?department=1&page_size=100 HTTP/1.1" 200 276
"PATCH /api/employees/1/ HTTP/1.1" 200 879
"OPTIONS /api/departments/?page_size=100 HTTP/1.1" 200 0
"GET /api/employees/1/ HTTP/1.1" 200 879
"GET /api/departments/positions/?department=1&page_size=100 HTTP/1.1" 200 276
"GET /api/employees/?page=1 HTTP/1.1" 200 349
"GET /api/departments/?page_size=100 HTTP/1.1" 200 1441
"GET /api/payroll/runs/ HTTP/1.1" 200 424
"GET /api/payroll/runs/1/ HTTP/1.1" 200 1102
"POST /api/payroll/runs/1/send-payslips/ HTTP/1.1" 200 286
"GET /api/payroll/runs/1/ HTTP/1.1" 200 1102
"POST /api/payroll/runs/1/send-payslips/ HTTP/1.1" 200 285
"GET /api/payroll/runs/1/ HTTP/1.1" 200 1102
"POST /api/payroll/runs/1/send-payslips/ HTTP/1.1" 200 286
"GET /api/payroll/runs/1/ HTTP/1.1" 200 1102
"OPTIONS /api/payroll/payslips/3/send/ HTTP/1.1" 200 0
Internal Server Error: /api/payroll/payslips/3/send/
"POST /api/payroll/payslips/3/send/ HTTP/1.1" 500 221
Internal Server Error: /api/payroll/payslips/3/send/
"POST /api/payroll/payslips/3/send/ HTTP/1.1" 500 222
Internal Server Error: /api/payroll/payslips/3/send/
"POST /api/payroll/payslips/3/send/ HTTP/1.1" 500 222
"POST /api/payroll/runs/1/send-payslips/ HTTP/1.1" 200 286
"GET /api/payroll/runs/1/ HTTP/1.1" 200 1102
Watching for file changes with StatReloader
"GET /api/payroll/runs/1/ HTTP/1.1" 200 1102
"POST /api/payroll/payslips/3/send/ HTTP/1.1" 200 104
"GET /api/payroll/runs/1/ HTTP/1.1" 200 1101
"POST /api/payroll/runs/1/send-payslips/ HTTP/1.1" 200 66
"GET /api/payroll/runs/1/ HTTP/1.1" 200 1101
C:\Users\benic\Documents\NetBeansProjects\HTML\hrpro\backend\apps\payroll\views.py changed, reloading.
Watching for file changes with StatReloader
"GET /api/payroll/runs/1/ HTTP/1.1" 200 1101
"POST /api/payroll/runs/1/send-payslips/ HTTP/1.1" 200 66
"GET /api/payroll/runs/1/ HTTP/1.1" 200 1101
C:\Users\benic\Documents\NetBeansProjects\HTML\hrpro\backend\apps\accounts\models.py changed, reloading.
Watching for file changes with StatReloader
C:\Users\benic\Documents\NetBeansProjects\HTML\hrpro\backend\apps\accounts\serializers.py changed, reloading.
Watching for file changes with StatReloader
C:\Users\benic\Documents\NetBeansProjects\HTML\hrpro\backend\apps\accounts\serializers.py changed, reloading.
Watching for file changes with StatReloader
C:\Users\benic\Documents\NetBeansProjects\HTML\hrpro\backend\apps\accounts\serializers.py changed, reloading.
Watching for file changes with StatReloader
C:\Users\benic\Documents\NetBeansProjects\HTML\hrpro\backend\apps\accounts\views.py changed, reloading.
Watching for file changes with StatReloader
C:\Users\benic\Documents\NetBeansProjects\HTML\hrpro\backend\apps\accounts\serializers.py changed, reloading.
Watching for file changes with StatReloader
C:\Users\benic\Documents\NetBeansProjects\HTML\hrpro\backend\apps\accounts\urls.py changed, reloading.
Watching for file changes with StatReloader
"GET /api/payroll/runs/1/ HTTP/1.1" 200 1101
"GET /api/payroll/runs/1/ HTTP/1.1" 200 1101
"OPTIONS /api/auth/users/ HTTP/1.1" 200 0
"GET /api/auth/users/ HTTP/1.1" 200 329
"OPTIONS /api/auth/pending-approvals/ HTTP/1.1" 200 0
"GET /api/auth/pending-approvals/ HTTP/1.1" 200 329
"OPTIONS /api/auth/users/1/approve/ HTTP/1.1" 200 0
"POST /api/auth/users/1/approve/ HTTP/1.1" 200 324
"GET /api/auth/pending-approvals/ HTTP/1.1" 200 52
"GET /api/auth/users/ HTTP/1.1" 200 328
"OPTIONS /api/auth/password-reset-requests/list/?status=PENDING HTTP/1.1" 200 0
"GET /api/auth/password-reset-requests/list/?status=PENDING HTTP/1.1" 200 52
"OPTIONS /api/leave/types/?page_size=50 HTTP/1.1" 200 0
"GET /api/leave/types/?page_size=50 HTTP/1.1" 200 1813
"OPTIONS /api/salary/allowance-types/?page_size=50 HTTP/1.1" 200 0
"GET /api/salary/allowance-types/?page_size=50 HTTP/1.1" 200 1218
"OPTIONS /api/salary/business-profile/ HTTP/1.1" 200 0
"OPTIONS /api/salary/payroll-settings/ HTTP/1.1" 200 0
"OPTIONS /api/salary/paye-bands/ HTTP/1.1" 200 0
"GET /api/salary/business-profile/ HTTP/1.1" 200 169
"GET /api/salary/payroll-settings/ HTTP/1.1" 200 406
"GET /api/salary/paye-bands/ HTTP/1.1" 200 774
"GET /api/payroll/runs/ HTTP/1.1" 200 424
"POST /api/payroll/runs/ HTTP/1.1" 201 329
"OPTIONS /api/payroll/runs/2/ HTTP/1.1" 200 0
"GET /api/payroll/runs/ HTTP/1.1" 200 754
"GET /api/payroll/runs/2/ HTTP/1.1" 200 343
C:\Users\benic\Documents\NetBeansProjects\HTML\hrpro\backend\apps\payroll\models.py changed, reloading.
Watching for file changes with StatReloader
C:\Users\benic\Documents\NetBeansProjects\HTML\hrpro\backend\apps\payroll\serializers.py changed, reloading.
Watching for file changes with StatReloader
C:\Users\benic\Documents\NetBeansProjects\HTML\hrpro\backend\apps\payroll\serializers.py changed, reloading.
Watching for file changes with StatReloader
C:\Users\benic\Documents\NetBeansProjects\HTML\hrpro\backend\apps\payroll\serializers.py changed, reloading.
Watching for file changes with StatReloader
C:\Users\benic\Documents\NetBeansProjects\HTML\hrpro\backend\apps\payroll\views.py changed, reloading.
Watching for file changes with StatReloader
C:\Users\benic\Documents\NetBeansProjects\HTML\hrpro\backend\apps\payroll\utils.py changed, reloading.
Watching for file changes with StatReloader
C:\Users\benic\Documents\NetBeansProjects\HTML\hrpro\backend\apps\payroll\views.py changed, reloading.
Watching for file changes with StatReloader
C:\Users\benic\Documents\NetBeansProjects\HTML\hrpro\backend\apps\payroll\views.py changed, reloading.
Watching for file changes with StatReloader
C:\Users\benic\Documents\NetBeansProjects\HTML\hrpro\backend\apps\payroll\urls.py changed, reloading.
Watching for file changes with StatReloader
"GET /api/payroll/runs/2/ HTTP/1.1" 200 343
"GET /api/payroll/runs/2/ HTTP/1.1" 200 343
"GET /api/payroll/runs/ HTTP/1.1" 200 754
"OPTIONS /api/payroll/runs/2/eligible-employees/ HTTP/1.1" 200 0
"GET /api/payroll/runs/2/eligible-employees/ HTTP/1.1" 200 281
"GET /api/departments/?simple=true&page_size=100 HTTP/1.1" 200 183
"GET /api/employees/?page=1 HTTP/1.1" 200 349
"GET /api/employees/1/ HTTP/1.1" 200 879
"GET /api/departments/positions/?department=1&page_size=100 HTTP/1.1" 200 276
"PATCH /api/employees/1/ HTTP/1.1" 200 879
"GET /api/departments/?page_size=100 HTTP/1.1" 200 1441
"GET /api/employees/1/ HTTP/1.1" 200 879
"GET /api/departments/positions/?department=1&page_size=100 HTTP/1.1" 200 276
"GET /api/employees/?page=1 HTTP/1.1" 200 349
"GET /api/payroll/runs/ HTTP/1.1" 200 754
"GET /api/payroll/runs/2/ HTTP/1.1" 200 343
"GET /api/payroll/runs/2/eligible-employees/ HTTP/1.1" 200 281
"GET /api/salary/allowance-types/?page_size=50 HTTP/1.1" 200 1218
C:\Users\benic\Documents\NetBeansProjects\HTML\hrpro\backend\apps\payroll\models.py changed, reloading.
Watching for file changes with StatReloader
C:\Users\benic\Documents\NetBeansProjects\HTML\hrpro\backend\apps\payroll\utils.py changed, reloading.
Watching for file changes with StatReloader
C:\Users\benic\Documents\NetBeansProjects\HTML\hrpro\backend\apps\payroll\utils.py changed, reloading.
Watching for file changes with StatReloader
C:\Users\benic\Documents\NetBeansProjects\HTML\hrpro\backend\apps\payroll\serializers.py changed, reloading.
Watching for file changes with StatReloader
C:\Users\benic\Documents\NetBeansProjects\HTML\hrpro\backend\apps\payroll\views.py changed, reloading.
Watching for file changes with StatReloader
C:\Users\benic\Documents\NetBeansProjects\HTML\hrpro\backend\apps\departments\models.py changed, reloading.
Watching for file changes with StatReloader
C:\Users\benic\Documents\NetBeansProjects\HTML\hrpro\backend\apps\payroll\utils.py changed, reloading.
Watching for file changes with StatReloader
C:\Users\benic\Documents\NetBeansProjects\HTML\hrpro\backend\apps\payroll\views.py changed, reloading.
Watching for file changes with StatReloader
"GET /api/payroll/runs/2/ HTTP/1.1" 200 343
"GET /api/payroll/runs/2/eligible-employees/ HTTP/1.1" 200 383
"OPTIONS /api/employees/?page=1 HTTP/1.1" 200 0
"OPTIONS /api/departments/?simple=true&page_size=100 HTTP/1.1" 200 0
"GET /api/departments/?simple=true&page_size=100 HTTP/1.1" 200 183
"GET /api/employees/?page=1 HTTP/1.1" 200 349
"GET /api/departments/?simple=true&page_size=100 HTTP/1.1" 200 183
"GET /api/employees/?page=1 HTTP/1.1" 200 349
"GET /api/salary/payroll-settings/ HTTP/1.1" 200 406
"GET /api/salary/business-profile/ HTTP/1.1" 200 169
"GET /api/salary/paye-bands/ HTTP/1.1" 200 774
"OPTIONS /api/employees/?page_size=200 HTTP/1.1" 200 0
"OPTIONS /api/salary/allowances/?page_size=200 HTTP/1.1" 200 0
"OPTIONS /api/salary/allowance-types/?page_size=100 HTTP/1.1" 200 0
"GET /api/salary/allowances/?page_size=200 HTTP/1.1" 200 52
"GET /api/salary/allowance-types/?page_size=100 HTTP/1.1" 200 1218
"GET /api/employees/?page_size=200 HTTP/1.1" 200 349
"OPTIONS /api/payroll/runs/ HTTP/1.1" 200 0
"GET /api/payroll/runs/ HTTP/1.1" 200 754
"GET /api/payroll/runs/2/ HTTP/1.1" 200 343
"GET /api/payroll/runs/2/eligible-employees/ HTTP/1.1" 200 383
"OPTIONS /api/attendance/?date=2026-06-05 HTTP/1.1" 200 0
"OPTIONS /api/employees/?employment_status=ACTIVE&page_size=200 HTTP/1.1" 200 0
"GET /api/employees/?employment_status=ACTIVE&page_size=200 HTTP/1.1" 200 349
"GET /api/attendance/?date=2026-06-05 HTTP/1.1" 200 52
"OPTIONS /api/attendance/?date=2026-06-05 HTTP/1.1" 200 0
"OPTIONS /api/employees/?employment_status=ACTIVE&page_size=200 HTTP/1.1" 200 0
C:\Users\benic\Documents\NetBeansProjects\HTML\hrpro\backend\apps\payroll\models.py changed, reloading.
Watching for file changes with StatReloader
C:\Users\benic\Documents\NetBeansProjects\HTML\hrpro\backend\apps\payroll\utils.py changed, reloading.
Watching for file changes with StatReloader
C:\Users\benic\Documents\NetBeansProjects\HTML\hrpro\backend\apps\payroll\utils.py changed, reloading.
Watching for file changes with StatReloader
C:\Users\benic\Documents\NetBeansProjects\HTML\hrpro\backend\apps\payroll\views.py changed, reloading.
Watching for file changes with StatReloader
C:\Users\benic\Documents\NetBeansProjects\HTML\hrpro\backend\apps\payroll\serializers.py changed, reloading.
Watching for file changes with StatReloader
C:\Users\benic\Documents\NetBeansProjects\HTML\hrpro\backend\apps\payroll\utils.py changed, reloading.
Watching for file changes with StatReloader
"GET /api/attendance/?date=2026-06-05 HTTP/1.1" 200 52
"GET /api/employees/?employment_status=ACTIVE&page_size=200 HTTP/1.1" 200 349
"OPTIONS /api/attendance/import/ HTTP/1.1" 200 0
"POST /api/attendance/import/ HTTP/1.1" 200 3534
"GET /api/attendance/?date=2026-06-05 HTTP/1.1" 200 52
"GET /api/employees/?employment_status=ACTIVE&page_size=200 HTTP/1.1" 200 349
"GET /api/employees/?employment_status=ACTIVE&page_size=200 HTTP/1.1" 200 349
"GET /api/attendance/?date=2026-06-05 HTTP/1.1" 200 52
"OPTIONS /api/attendance/? HTTP/1.1" 200 0
"GET /api/attendance/? HTTP/1.1" 200 647
"POST /api/attendance/import/ HTTP/1.1" 200 3534
"GET /api/attendance/? HTTP/1.1" 200 5972
"GET /api/employees/?employment_status=ACTIVE&page_size=200 HTTP/1.1" 200 349
"GET /api/employees/?employment_status=ACTIVE&page_size=200 HTTP/1.1" 200 349
"GET /api/attendance/? HTTP/1.1" 200 5972
"OPTIONS /api/payroll/runs/ HTTP/1.1" 200 0
"GET /api/payroll/runs/ HTTP/1.1" 200 810
"OPTIONS /api/payroll/runs/2/ HTTP/1.1" 200 0
"GET /api/payroll/runs/2/ HTTP/1.1" 200 371
"OPTIONS /api/payroll/runs/2/eligible-employees/ HTTP/1.1" 200 0
"GET /api/payroll/runs/2/eligible-employees/ HTTP/1.1" 200 383
"OPTIONS /api/payroll/runs/2/process/ HTTP/1.1" 200 0
"POST /api/payroll/runs/2/process/ HTTP/1.1" 200 88
"GET /api/payroll/runs/2/eligible-employees/ HTTP/1.1" 200 383
"GET /api/payroll/runs/2/ HTTP/1.1" 200 1128
"OPTIONS /api/payroll/runs/2/reopen/ HTTP/1.1" 200 0
"POST /api/payroll/runs/2/reopen/ HTTP/1.1" 200 80
"GET /api/payroll/runs/2/ HTTP/1.1" 200 371
"GET /api/payroll/runs/ HTTP/1.1" 200 810
"GET /api/payroll/runs/2/eligible-employees/ HTTP/1.1" 200 383
"POST /api/payroll/runs/2/process/ HTTP/1.1" 200 88
"GET /api/payroll/runs/2/ HTTP/1.1" 200 1128
"OPTIONS /api/payroll/runs/2/finalize/ HTTP/1.1" 200 0
"POST /api/payroll/runs/2/finalize/ HTTP/1.1" 200 34
"GET /api/payroll/runs/2/ HTTP/1.1" 200 1128
"GET /api/payroll/runs/ HTTP/1.1" 200 851
"POST /api/payroll/runs/2/reopen/ HTTP/1.1" 200 80
"GET /api/payroll/runs/ HTTP/1.1" 200 810
"GET /api/payroll/runs/2/ HTTP/1.1" 200 371
C:\Users\benic\Documents\NetBeansProjects\HTML\hrpro\backend\apps\payroll\utils.py changed, reloading.
Watching for file changes with StatReloader
C:\Users\benic\Documents\NetBeansProjects\HTML\hrpro\backend\apps\payroll\utils.py changed, reloading.
Watching for file changes with StatReloader
C:\Users\benic\Documents\NetBeansProjects\HTML\hrpro\backend\apps\payroll\utils.py changed, reloading.
Watching for file changes with StatReloader
C:\Users\benic\Documents\NetBeansProjects\HTML\hrpro\backend\apps\attendance\models.py changed, reloading.
Watching for file changes with StatReloader
C:\Users\benic\Documents\NetBeansProjects\HTML\hrpro\backend\apps\attendance\models.py changed, reloading.
Watching for file changes with StatReloader
C:\Users\benic\Documents\NetBeansProjects\HTML\hrpro\backend\apps\attendance\views.py changed, reloading.
Watching for file changes with StatReloader
C:\Users\benic\Documents\NetBeansProjects\HTML\hrpro\backend\apps\attendance\views.py changed, reloading.
Watching for file changes with StatReloader
C:\Users\benic\Documents\NetBeansProjects\HTML\hrpro\backend\apps\attendance\views.py changed, reloading.
Watching for file changes with StatReloader
C:\Users\benic\Documents\NetBeansProjects\HTML\hrpro\backend\apps\attendance\views.py changed, reloading.
Watching for file changes with StatReloader
C:\Users\benic\Documents\NetBeansProjects\HTML\hrpro\backend\apps\attendance\serializers.py changed, reloading.
Watching for file changes with StatReloader
C:\Users\benic\Documents\NetBeansProjects\HTML\hrpro\backend\hrpro_backend\settings.py changed, reloading.
Watching for file changes with StatReloader
C:\Users\benic\Documents\NetBeansProjects\HTML\hrpro\backend\hrpro_backend\settings.py changed, reloading.
Watching for file changes with StatReloader
C:\Users\benic\Documents\NetBeansProjects\HTML\hrpro\backend\hrpro_backend\settings.py changed, reloading.
Watching for file changes with StatReloader
Watching for file changes with StatReloader
Watching for file changes with StatReloader
Watching for file changes with StatReloader
Method Not Allowed: /api/auth/login/
"GET /api/auth/login/ HTTP/1.1" 405 40
- Broken pipe from ('127.0.0.1', 50540)
C:\Users\benic\Documents\NetBeansProjects\HTML\hrpro\backend\hrpro_backend\settings.py changed, reloading.
C:\Users\benic\Documents\NetBeansProjects\HTML\hrpro\backend\hrpro_backend\settings.py changed, reloading.
Watching for file changes with StatReloader
Watching for file changes with StatReloader
C:\Users\benic\Documents\NetBeansProjects\HTML\hrpro\backend\hrpro_backend\settings.py changed, reloading.
C:\Users\benic\Documents\NetBeansProjects\HTML\hrpro\backend\hrpro_backend\settings.py changed, reloading.
Watching for file changes with StatReloader
Watching for file changes with StatReloader
Watching for file changes with StatReloader
Watching for file changes with StatReloader
Watching for file changes with StatReloader
C:\Users\benic\Documents\NetBeansProjects\HTML\hrpro\backend\hrpro_backend\settings.py changed, reloading.
Watching for file changes with StatReloader
Watching for file changes with StatReloader
"GET /api/health/ HTTP/1.1" 200 784
- Broken pipe from ('127.0.0.1', 58156)
"GET /api/health/ HTTP/1.1" 200 784
- Broken pipe from ('127.0.0.1', 56525)
C:\Users\benic\Documents\NetBeansProjects\HTML\hrpro\backend\hrpro_backend\views.py changed, reloading.
Watching for file changes with StatReloader
C:\Users\benic\Documents\NetBeansProjects\HTML\hrpro\backend\hrpro_backend\views.py changed, reloading.
Watching for file changes with StatReloader
C:\Users\benic\Documents\NetBeansProjects\HTML\hrpro\backend\hrpro_backend\views.py changed, reloading.
Watching for file changes with StatReloader
C:\Users\benic\Documents\NetBeansProjects\HTML\hrpro\backend\hrpro_backend\urls.py changed, reloading.
Watching for file changes with StatReloader
C:\Users\benic\Documents\NetBeansProjects\HTML\hrpro\backend\hrpro_backend\urls.py changed, reloading.
Watching for file changes with StatReloader
Watching for file changes with StatReloader
"GET /api/health/ HTTP/1.1" 200 16
- Broken pipe from ('127.0.0.1', 63486)
"POST /api/auth/login/ HTTP/1.1" 200 767
"OPTIONS /api/employees/?page_size=1 HTTP/1.1" 200 0
"OPTIONS /api/attendance/?date=2026-06-24&status=PRESENT&page_size=1 HTTP/1.1" 200 0
"OPTIONS /api/leave/requests/?status=PENDING&page_size=1 HTTP/1.1" 200 0
"OPTIONS /api/payroll/runs/?month=6&year=2026 HTTP/1.1" 200 0
"OPTIONS /api/payroll/trends/ HTTP/1.1" 200 0
"OPTIONS /api/leave/requests/?page_size=5 HTTP/1.1" 200 0
"GET /api/leave/requests/?status=PENDING&page_size=1 HTTP/1.1" 200 52
"GET /api/leave/requests/?page_size=5 HTTP/1.1" 200 52
"GET /api/employees/?page_size=1 HTTP/1.1" 200 349
"GET /api/payroll/runs/?month=6&year=2026 HTTP/1.1" 200 52
"GET /api/payroll/trends/ HTTP/1.1" 200 134
"GET /api/attendance/?date=2026-06-24&status=PRESENT&page_size=1 HTTP/1.1" 200 52
"OPTIONS /api/employees/?page=1 HTTP/1.1" 200 0
"OPTIONS /api/departments/?simple=true&page_size=100 HTTP/1.1" 200 0
"GET /api/departments/?simple=true&page_size=100 HTTP/1.1" 200 183
"GET /api/employees/?page=1 HTTP/1.1" 200 349
"OPTIONS /api/departments/?page_size=100 HTTP/1.1" 200 0
"OPTIONS /api/departments/positions/?page_size=200 HTTP/1.1" 200 0
"GET /api/departments/positions/?page_size=200 HTTP/1.1" 200 701
"GET /api/departments/?page_size=100 HTTP/1.1" 200 1441
"OPTIONS /api/payroll/runs/ HTTP/1.1" 200 0
"GET /api/payroll/runs/ HTTP/1.1" 200 810
"OPTIONS /api/payroll/runs/2/ HTTP/1.1" 200 0
"GET /api/payroll/runs/2/ HTTP/1.1" 200 371
"OPTIONS /api/payroll/runs/2/process/ HTTP/1.1" 200 0
"POST /api/payroll/runs/2/process/ HTTP/1.1" 200 88
"GET /api/payroll/runs/2/ HTTP/1.1" 200 1128
"OPTIONS /api/payroll/runs/2/reopen/ HTTP/1.1" 200 0
"POST /api/payroll/runs/2/reopen/ HTTP/1.1" 200 80
"GET /api/payroll/runs/2/ HTTP/1.1" 200 371
"OPTIONS /api/leave/requests/ HTTP/1.1" 200 0
"OPTIONS /api/leave/types/ HTTP/1.1" 200 0
"OPTIONS /api/leave/balances/?year=2026 HTTP/1.1" 200 0
"GET /api/leave/requests/ HTTP/1.1" 200 52
"GET /api/leave/balances/?year=2026 HTTP/1.1" 200 52
"GET /api/leave/types/ HTTP/1.1" 200 1813
"OPTIONS /api/attendance/? HTTP/1.1" 200 0
"OPTIONS /api/employees/?employment_status=ACTIVE&page_size=200 HTTP/1.1" 200 0
"GET /api/attendance/? HTTP/1.1" 200 5972
"GET /api/employees/?employment_status=ACTIVE&page_size=200 HTTP/1.1" 200 349
"OPTIONS /api/loans/? HTTP/1.1" 200 0
"GET /api/loans/? HTTP/1.1" 200 52
"OPTIONS /api/reports/payroll-summary/?month=6&year=2026&include_allowances=false HTTP/1.1" 200 0
Not Found: /api/reports/payroll-summary/
"GET /api/reports/payroll-summary/?month=6&year=2026&include_allowances=false HTTP/1.1" 404 48
"OPTIONS /api/reports/ssnit/?month=6&year=2026 HTTP/1.1" 200 0
Not Found: /api/reports/ssnit/
"GET /api/reports/ssnit/?month=6&year=2026 HTTP/1.1" 404 48
"OPTIONS /api/reports/ssnit/?month=4&year=2026 HTTP/1.1" 200 0
"GET /api/reports/ssnit/?month=4&year=2026 HTTP/1.1" 200 406
"OPTIONS /api/reports/headcount/ HTTP/1.1" 200 0
"GET /api/reports/headcount/ HTTP/1.1" 200 240
"GET /api/reports/ssnit/?month=4&year=2026 HTTP/1.1" 200 406
"GET /api/reports/headcount/ HTTP/1.1" 200 240
"GET /api/reports/ssnit/?month=4&year=2026 HTTP/1.1" 200 406
"OPTIONS /api/reports/payroll-summary/?month=4&year=2026&include_allowances=false HTTP/1.1" 200 0
"GET /api/reports/payroll-summary/?month=4&year=2026&include_allowances=false HTTP/1.1" 200 1145
"OPTIONS /api/auth/users/ HTTP/1.1" 200 0
"GET /api/auth/users/ HTTP/1.1" 200 328
"OPTIONS /api/auth/pending-approvals/ HTTP/1.1" 200 0
"GET /api/auth/pending-approvals/ HTTP/1.1" 200 52
"OPTIONS /api/auth/password-reset-requests/list/?status=PENDING HTTP/1.1" 200 0
"GET /api/auth/password-reset-requests/list/?status=PENDING HTTP/1.1" 200 52
"OPTIONS /api/leave/types/?page_size=50 HTTP/1.1" 200 0
"GET /api/leave/types/?page_size=50 HTTP/1.1" 200 1813
"OPTIONS /api/salary/allowance-types/?page_size=50 HTTP/1.1" 200 0
"GET /api/salary/allowance-types/?page_size=50 HTTP/1.1" 200 1218
"OPTIONS /api/salary/allowances/?page_size=200 HTTP/1.1" 200 0
"OPTIONS /api/employees/?page_size=200 HTTP/1.1" 200 0
"GET /api/salary/allowances/?page_size=200 HTTP/1.1" 200 52
"GET /api/employees/?page_size=200 HTTP/1.1" 200 349
"OPTIONS /api/salary/business-profile/ HTTP/1.1" 200 0
"OPTIONS /api/salary/payroll-settings/ HTTP/1.1" 200 0
"OPTIONS /api/salary/paye-bands/ HTTP/1.1" 200 0
"GET /api/salary/payroll-settings/ HTTP/1.1" 200 406
"GET /api/salary/business-profile/ HTTP/1.1" 200 169
"GET /api/salary/paye-bands/ HTTP/1.1" 200 774
Watching for file changes with StatReloader
Watching for file changes with StatReloader
Watching for file changes with StatReloader
"OPTIONS /api/employees/?page_size=1 HTTP/1.1" 200 0
"OPTIONS /api/attendance/?date=2026-06-26&status=PRESENT&page_size=1 HTTP/1.1" 200 0
"OPTIONS /api/leave/requests/?status=PENDING&page_size=1 HTTP/1.1" 200 0
"OPTIONS /api/payroll/runs/?month=6&year=2026 HTTP/1.1" 200 0
"OPTIONS /api/payroll/trends/ HTTP/1.1" 200 0
"OPTIONS /api/leave/requests/?page_size=5 HTTP/1.1" 200 0
"GET /api/payroll/runs/?month=6&year=2026 HTTP/1.1" 200 52
"GET /api/leave/requests/?page_size=5 HTTP/1.1" 200 52
"GET /api/leave/requests/?status=PENDING&page_size=1 HTTP/1.1" 200 52
"GET /api/payroll/trends/ HTTP/1.1" 200 134
"GET /api/attendance/?date=2026-06-26&status=PRESENT&page_size=1 HTTP/1.1" 200 52
"GET /api/employees/?page_size=1 HTTP/1.1" 200 349
"OPTIONS /api/reports/payroll-summary/?month=6&year=2026&include_allowances=false HTTP/1.1" 200 0
Not Found: /api/reports/payroll-summary/
"GET /api/reports/payroll-summary/?month=6&year=2026&include_allowances=false HTTP/1.1" 404 48
Not Found: /api/reports/payroll-summary/
"GET /api/reports/payroll-summary/?month=6&year=2026&include_allowances=false HTTP/1.1" 404 48
"GET /api/employees/?page_size=1 HTTP/1.1" 200 349
"GET /api/attendance/?date=2026-06-26&status=PRESENT&page_size=1 HTTP/1.1" 200 52
"GET /api/leave/requests/?status=PENDING&page_size=1 HTTP/1.1" 200 52
"GET /api/payroll/runs/?month=6&year=2026 HTTP/1.1" 200 52
"GET /api/payroll/trends/ HTTP/1.1" 200 134
"GET /api/leave/requests/?page_size=5 HTTP/1.1" 200 52
"OPTIONS /api/employees/?page=1 HTTP/1.1" 200 0
"OPTIONS /api/departments/?simple=true&page_size=100 HTTP/1.1" 200 0
"GET /api/employees/?page=1 HTTP/1.1" 200 349
"GET /api/departments/?simple=true&page_size=100 HTTP/1.1" 200 183
"OPTIONS /api/leave/requests/ HTTP/1.1" 200 0
"OPTIONS /api/leave/types/ HTTP/1.1" 200 0
"OPTIONS /api/leave/balances/?year=2026 HTTP/1.1" 200 0
"GET /api/leave/requests/ HTTP/1.1" 200 52
"GET /api/leave/balances/?year=2026 HTTP/1.1" 200 52
"GET /api/leave/types/ HTTP/1.1" 200 1813
"GET /api/employees/?page_size=1 HTTP/1.1" 200 349
"GET /api/attendance/?date=2026-06-26&status=PRESENT&page_size=1 HTTP/1.1" 200 52
"GET /api/leave/requests/?status=PENDING&page_size=1 HTTP/1.1" 200 52
"GET /api/payroll/trends/ HTTP/1.1" 200 134
"GET /api/leave/requests/?page_size=5 HTTP/1.1" 200 52
"GET /api/payroll/runs/?month=6&year=2026 HTTP/1.1" 200 52
C:\Users\benic\Documents\NetBeansProjects\HTML\hrpro\backend\apps\departments\models.py changed, reloading.
Watching for file changes with StatReloader
C:\Users\benic\Documents\NetBeansProjects\HTML\hrpro\backend\apps\departments\models.py changed, reloading.
Watching for file changes with StatReloader
C:\Users\benic\Documents\NetBeansProjects\HTML\hrpro\backend\apps\departments\serializers.py changed, reloading.
Watching for file changes with StatReloader
C:\Users\benic\Documents\NetBeansProjects\HTML\hrpro\backend\apps\departments\views.py changed, reloading.
Watching for file changes with StatReloader
C:\Users\benic\Documents\NetBeansProjects\HTML\hrpro\backend\apps\departments\views.py changed, reloading.
Watching for file changes with StatReloader
C:\Users\benic\Documents\NetBeansProjects\HTML\hrpro\backend\apps\departments\urls.py changed, reloading.
Watching for file changes with StatReloader
C:\Users\benic\Documents\NetBeansProjects\HTML\hrpro\backend\apps\departments\urls.py changed, reloading.
Watching for file changes with StatReloader
C:\Users\benic\Documents\NetBeansProjects\HTML\hrpro\backend\apps\employees\views.py changed, reloading.
Watching for file changes with StatReloader
C:\Users\benic\Documents\NetBeansProjects\HTML\hrpro\backend\apps\employees\views.py changed, reloading.
Watching for file changes with StatReloader
C:\Users\benic\Documents\NetBeansProjects\HTML\hrpro\backend\apps\departments\serializers.py changed, reloading.
Watching for file changes with StatReloader
C:\Users\benic\Documents\NetBeansProjects\HTML\hrpro\backend\apps\departments\admin.py changed, reloading.
Watching for file changes with StatReloader
Watching for file changes with StatReloader
"GET /api/health/ HTTP/1.1" 200 16
- Broken pipe from ('127.0.0.1', 59091)
Unauthorized: /api/departments/positions/
"GET /api/departments/positions/?page_size=10 HTTP/1.1" 401 58
Unauthorized: /api/departments/positions/list/
"GET /api/departments/positions/list/ HTTP/1.1" 401 58
- Broken pipe from ('127.0.0.1', 59902)
Bad Request: /api/auth/login/
"POST /api/auth/login/ HTTP/1.1" 400 69
- Broken pipe from ('127.0.0.1', 62221)
"POST /api/auth/login/ HTTP/1.1" 200 767
"GET /api/departments/positions/?page_size=10 HTTP/1.1" 200 695
- Broken pipe from ('127.0.0.1', 53022)
"POST /api/auth/login/ HTTP/1.1" 200 767
"GET /api/departments/positions/list/ HTTP/1.1" 200 110
- Broken pipe from ('127.0.0.1', 62080)
"POST /api/auth/login/ HTTP/1.1" 200 767
"POST /api/departments/positions/ HTTP/1.1" 201 198
- Broken pipe from ('127.0.0.1', 62086)
"POST /api/auth/login/ HTTP/1.1" 200 767
Bad Request: /api/departments/positions/
"POST /api/departments/positions/ HTTP/1.1" 400 54
- Broken pipe from ('127.0.0.1', 52973)
"POST /api/auth/login/ HTTP/1.1" 200 767
"GET /api/departments/?page_size=10 HTTP/1.1" 200 749
- Broken pipe from ('127.0.0.1', 55941)
